-- phpMyAdmin SQL Dump
-- version 5.1.1
-- https://www.phpmyadmin.net/
--
-- Host: 127.0.0.1
-- Generation Time: Nov 09, 2021 at 10:01 AM
-- Server version: 10.4.20-MariaDB
-- PHP Version: 7.4.22

SET SQL_MODE = "NO_AUTO_VALUE_ON_ZERO";
START TRANSACTION;
SET time_zone = "+00:00";


/*!40101 SET @OLD_CHARACTER_SET_CLIENT=@@CHARACTER_SET_CLIENT */;
/*!40101 SET @OLD_CHARACTER_SET_RESULTS=@@CHARACTER_SET_RESULTS */;
/*!40101 SET @OLD_COLLATION_CONNECTION=@@COLLATION_CONNECTION */;
/*!40101 SET NAMES utf8mb4 */;

--
-- Database: `dbevira`
--

-- --------------------------------------------------------

--
-- Table structure for table `bulan`
--

CREATE TABLE `bulan` (
  `RecId` int(11) NOT NULL,
  `Bulan` varchar(100) NOT NULL
) ENGINE=InnoDB DEFAULT CHARSET=utf8mb4;

--
-- Dumping data for table `bulan`
--

INSERT INTO `bulan` (`RecId`, `Bulan`) VALUES
(1, 'Januari'),
(2, 'Februari'),
(3, 'Maret'),
(4, 'April'),
(5, 'Mei'),
(6, 'Juni'),
(7, 'Juli'),
(8, 'Agustus'),
(9, 'September'),
(10, 'Oktober'),
(11, 'November'),
(12, 'Desember');

-- --------------------------------------------------------

--
-- Table structure for table `laporan_harian`
--

CREATE TABLE `laporan_harian` (
  `RecId` int(11) NOT NULL,
  `Tanggal` date NOT NULL,
  `NamaFile` text NOT NULL,
  `Base64` longtext NOT NULL,
  `Ekstensi` text NOT NULL,
  `CreatedBy` int(11) NOT NULL,
  `CreatedDate` datetime NOT NULL,
  `JenisKehadiran` text NOT NULL,
  `IdPengguna` int(11) NOT NULL
) ENGINE=InnoDB DEFAULT CHARSET=utf8mb4;

--
-- Dumping data for table `laporan_harian`
--

INSERT INTO `laporan_harian` (`RecId`, `Tanggal`, `NamaFile`, `Base64`, `Ekstensi`, `CreatedBy`, `CreatedDate`, `JenisKehadiran`, `IdPengguna`) VALUES
(31, '2021-11-01', 'tokokelontong pancur 2020.xls', '0M8R4KGxGuEAAAAAAAAAAAAAAAAAAAAAPgADAP7/CQAGAAAAAAAAAAAAAAABAAAANAAAAAAAAAAAEAAA/v///wAAAAD+////AAAAADMAAAD///////////////////////////////////////////////////////////////////////////////////////////////////////////////////////////////////////////////////////////////////////////////////////////////////////////////////////////////////////////////////////////////////////////////////////////////////////////////////////////////////////////////////////////////////////////////////////////////////////////////////////////////////////////////////////////////////////////////////////////////////////////////////////////////////////////////////////////////////////////////////////////////8JCBAAAAYFAGYyzQfJxAEABgYAAOEAAgCwBMEAAgAAAOIAAABcAHAACwAAYWNoaXJ1emFtYW4gICAgICAgICAgICAgICAgICAgICAgICAgICAgICAgICAgICAgICAgICAgICAgICAgICAgICAgICAgICAgICAgICAgICAgICAgICAgICAgICAgICAgICAgICAgICAgICAgIEIAAgCwBGEBAgAAAMABAAA9AQIAAQCcAAIAEQAZAAIAAAASAAIAAAATAAIAAACvAQIAAAC8AQIAAAA9ABIA5BvT//4f9yY4AAAAAAABAFgCQAACAAAAjQACAAAAIgACAAAADgACAAEAtwECAAAA2gACAAAAMQAeANwAAAAIAJABAAAAAgBSBwFDAGEAbABpAGIAcgBpADEAHgDcAAAACACQAQAAAAIAUgcBQwBhAGwAaQBiAHIAaQAxAB4A3AAAAAgAkAEAAAACAFIHAUMAYQBsAGkAYgByAGkAMQAeANwAAAAIAJABAAAAAgBSBwFDAGEAbABpAGIAcgBpADEAHgDcAAAACACQAQAAAAIAUgcBQwBhAGwAaQBiAHIAaQAxAB4A3AAAAAgAkAEAAAACAFIHAUMAYQBsAGkAYgByAGkAMQAeANwAAAAJAJABAAAAAgBSBwFDAGEAbABpAGIAcgBpADEAHgDcAAAAFACQAQAAAAIAUgcBQwBhAGwAaQBiAHIAaQAxAB4A3AABADQAvAIAAAACAFIHAUMAYQBsAGkAYgByAGkAMQAeANwAAQAJALwCAAAAAgBSBwFDAGEAbABpAGIAcgBpADEAHgDcAAIAFwCQAQAAAAIAUgcBQwBhAGwAaQBiAHIAaQAxAB4A3AAEABQAkAEAAAECAFIHAUMAYQBsAGkAYgByAGkAMQAeANwAAAARAJABAAAAAgBSBwFDAGEAbABpAGIAcgBpADEAHgAsAQEAOAC8AgAAAAIAUgcBQwBhAGwAaQBiAHIAaQAxAB4ABAEBADgAvAIAAAACAFIHAUMAYQBsAGkAYgByAGkAMQAeANwAAQA4ALwCAAAAAgBSBwFDAGEAbABpAGIAcgBpADEAHgDcAAQADACQAQAAAQIAUgcBQwBhAGwAaQBiAHIAaQAxAB4A3AAAAD4AkAEAAAACAFIHAUMAYQBsAGkAYgByAGkAMQAeANwAAAA0AJABAAAAAgBSBwFDAGEAbABpAGIAcgBpADEAHgDcAAAAPACQAQAAAAIAUgcBQwBhAGwAaQBiAHIAaQAxAB4A3AABAD8AvAIAAAACAFIHAUMAYQBsAGkAYgByAGkAMQAeAGgBAQA4ALwCAAAAAgBSBwFDAGEAbQBiAHIAaQBhADEAHgDcAAEACAC8AgAAAAIAUgcBQwBhAGwAaQBiAHIAaQAxAB4A3AAAAAoAkAEAAAACAFIHAUMAYQBsAGkAYgByAGkAMQAeAKAAAAAIAJABAAAAAgBSBwFDAGEAbABpAGIAcgBpADEAHgDIAAAACACQAQAAAAIAUgcBQwBhAGwAaQBiAHIAaQAxAB4AoAAAAP9/kAEAAAACAFIHAUMAYQBsAGkAYgByAGkAHgQaAAUAFQAAIlJwIiMsIyMwO1wtIlJwIiMsIyMwHgQfAAYAGgAAIlJwIiMsIyMwO1tSZWRdXC0iUnAiIywjIzAeBCAABwAbAAAiUnAiIywjIzAuMDA7XC0iUnAiIywjIzAuMDAeBCUACAAgAAAiUnAiIywjIzAuMDA7W1JlZF1cLSJScCIjLCMjMC4wMB4EOAAqADMAAF8tIlJwIiogIywjIzBfLTtcLSJScCIqICMsIyMwXy07Xy0iUnAiKiAiLSJfLTtfLUBfLR4ELAApACcAAF8tKiAjLCMjMF8tO1wtKiAjLCMjMF8tO18tKiAiLSJfLTtfLUBfLR4EQAAsADsAAF8tIlJwIiogIywjIzAuMDBfLTtcLSJScCIqICMsIyMwLjAwXy07Xy0iUnAiKiAiLSI/P18tO18tQF8tHgQ0ACsALwAAXy0qICMsIyMwLjAwXy07XC0qICMsIyMwLjAwXy07Xy0qICItIj8/Xy07Xy1AXy0eBB4ApAAZAAAiUnAiIywjIzBfKTtcKCJScCIjLCMjMFwpHgQjAKUAHgAAIlJwIiMsIyMwXyk7W1JlZF1cKCJScCIjLCMjMFwpHgQkAKYAHwAAIlJwIiMsIyMwLjAwXyk7XCgiUnAiIywjIzAuMDBcKR4EKQCnACQAACJScCIjLCMjMC4wMF8pO1tSZWRdXCgiUnAiIywjIzAuMDBcKR4EOgCoADUAAF8oIlJwIiogIywjIzBfKTtfKCJScCIqIFwoIywjIzBcKTtfKCJScCIqICItIl8pO18oQF8pHgQuAKkAKQAAXygqICMsIyMwXyk7XygqIFwoIywjIzBcKTtfKCogIi0iXyk7XyhAXykeBEIAqgA9AABfKCJScCIqICMsIyMwLjAwXyk7XygiUnAiKiBcKCMsIyMwLjAwXCk7XygiUnAiKiAiLSI/P18pO18oQF8pHgQ2AKsAMQAAXygqICMsIyMwLjAwXyk7XygqIFwoIywjIzAuMDBcKTtfKCogIi0iPz9fKTtfKEBfKR4EHACsABcAACIkIiMsIyMwXyk7XCgiJCIjLCMjMFwpHgQhAK0AHAAAIiQiIywjIzBfKTtbUmVkXVwoIiQiIywjIzBcKR4EIgCuAB0AACIkIiMsIyMwLjAwXyk7XCgiJCIjLCMjMC4wMFwpHgQnAK8AIgAAIiQiIywjIzAuMDBfKTtbUmVkXVwoIiQiIywjIzAuMDBcKR4ENwCwADIAAF8oIiQiKiAjLCMjMF8pO18oIiQiKiBcKCMsIyMwXCk7XygiJCIqICItIl8pO18oQF8pHgQ/ALEAOgAAXygiJCIqICMsIyMwLjAwXyk7XygiJCIqIFwoIywjIzAuMDBcKTtfKCIkIiogIi0iPz9fKTtfKEBfKR4EFQCyABAAACJZZXMiOyJZZXMiOyJObyIeBBoAswAVAAAiVHJ1ZSI7IlRydWUiOyJGYWxzZSIeBBQAtAAPAAAiT24iOyJPbiI7Ik9mZiIeBF0AtQAsAAFbACQArCAtADIAXQBcACAAIwAsACMAIwAwAC4AMAAwAF8AKQA7AFsAUgBlAGQAXQBcACgAWwAkAKwgLQAyAF0AXAAgACMALAAjACMAMAAuADAAMABcACkAHgQJALYABAAAIyMjMOAAFAAAAAAA9f8gAAAAAAAAAAAAAADAIOAAFAAGAAAA9f8gAAD0AAAAAAAAAADAIOAAFAAGAAAA9f8gAAD0AAAAAAAAAADAIOAAFAAGAAAA9f8gAAD0AAAAAAAAAADAIOAAFAAGAAAA9f8gAAD0AAAAAAAAAADAIOAAFAAFAAAA9f8gAAD0AAAAAAAAAADAIOAAFAAFAAAA9f8gAAD0AAAAAAAAAADAIOAAFAAFAAAA9f8gAAD0AAAAAAAAAADAIOAAFAAFAAAA9f8gAAD0AAAAAAAAAADAIOAAFAAFAAAA9f8gAAD0AAAAAAAAAADAIOAAFAAFAAAA9f8gAAD0AAAAAAAAAADAIOAAFAAFAAAA9f8gAAD0AAAAAAAAAADAIOAAFAAFAAAA9f8gAAD0AAAAAAAAAADAIOAAFAAFAAAA9f8gAAD0AAAAAAAAAADAIOAAFAAFAAAA9f8gAAD0AAAAAAAAAADAIOAAFAAAAAAAAQAgAAAAAAAAAAAAAALAIOAAFAAGAAAA9f8gAAC0AAAAAAAAAASfIOAAFAAGAAAA9f8gAAC0AAAAAAAAAAStIOAAFAAGAAAA9f8gAAC0AAAAAAAAAASqIOAAFAAGAAAA9f8gAAC0AAAAAAAAAASuIOAAFAAGAAAA9f8gAAC0AAAAAAAAAASbIOAAFAAGAAAA9f8gAAC0AAAAAAAAAASvIOAAFAAGAAAA9f8gAAC0AAAAAAAAAASsIOAAFAAGAAAA9f8gAAC0AAAAAAAAAASdIOAAFAAGAAAA9f8gAAC0AAAAAAAAAASLIOAAFAAGAAAA9f8gAAC0AAAAAAAAAASuIOAAFAAGAAAA9f8gAAC0AAAAAAAAAASsIOAAFAAGAAAA9f8gAAC0AAAAAAAAAASzIOAAFAAHAAAA9f8gAAC0AAAAAAAAAASeIOAAFAAHAAAA9f8gAAC0AAAAAAAAAASdIOAAFAAHAAAA9f8gAAC0AAAAAAAAAASLIOAAFAAHAAAA9f8gAAC0AAAAAAAAAASkIOAAFAAHAAAA9f8gAAC0AAAAAAAAAASxIOAAFAAHAAAA9f8gAAC0AAAAAAAAAAS0IOAAFAAHAAAA9f8gAAC0AAAAAAAAAAS+IOAAFAAHAAAA9f8gAAC0AAAAAAAAAASKIOAAFAAHAAAA9f8gAAC0AAAAAAAAAAS5IOAAFAAHAAAA9f8gAAC0AAAAAAAAAASkIOAAFAAHAAAA9f8gAAC0AAAAAAAAAASxIOAAFAAHAAAA9f8gAAC0AAAAAAAAAAS1IOAAFAAIAAAA9f8gAAC0AAAAAAAAAAStIOAAFAAJAAAA9f8gAACUERGXC5cLAASWIOAAFAAKAAAA9f8gAACUZma/H78fAAS3IOAAFAAGAKsA9f8gAAD4AAAAAAAAAADAIOAAFAAGAKkA9f8gAAD4AAAAAAAAAADAIOAAFAAGALEA9f8gAAD4AAAAAAAAAADAIOAAFAAGALAA9f8gAAD4AAAAAAAAAADAIOAAFAALAAAA9f8gAAD0AAAAAAAAAADAIOAAFAAMAAAA9f8gAAD0AAAAAAAAAADAIOAAFAANAAAA9f8gAAC0AAAAAAAAAASqIOAAFAAOAAAA9f8gAADUAFAAAAAfAADAIOAAFAAPAAAA9f8gAADUAFAAAAALAADAIOAAFAAQAAAA9f8gAADUACAAAAAPAADAIOAAFAAQAAAA9f8gAAD0AAAAAAAAAADAIOAAFAARAAAA9f8gAAD0AAAAAAAAAADAIOAAFAASAAAA9f8gAACUERGXC5cLAASvIOAAFAATAAAA9f8gAADUAGAAAAAaAADAIOAAFAAUAAAA9f8gAAC0AAAAAAAAAASrIOAAFAAGAAAA9f8gAACcEREWCxYLAASaIOAAFAAVAAAA9f8gAACUERG/H78fAASWIOAAFAAGAAkA9f8gAAD4AAAAAAAAAADAIOAAFAAWAAAA9f8gAAD0AAAAAAAAAADAIOAAFAAXAAAA9f8gAADUAGEAAD4fAADAIOAAFAAYAAAA9f8gAAD0AAAAAAAAAADAIOAAFAAZAAAAAQAgAAAIAAAAAAAAAALAIOAAFAAbAAAAAQAJAAB8ERFAIEAgAAY1BOAAFAAZAAAAAQAiAAB4ERFAIEAgAAYsIOAAFAAZAAAAAQAQAAB4EQFAIEAAAAYdIOAAFAAZAAAAAQAgAAAoERFAIEAgAALAIOAAFAAZAAAACQAgAAAIAAAAAAAAAALAIOAAFAAaAAAAAQAgAAB4AAAAAAAAAALAIOAAFAAaAAAAAQAgAAB4ERFAIEAgAAY0IOAAFAAaAAAAAQAiAAB4ARFAAEAgAAY0IOAAFAAZAAAAAQASAAB4ERFAIEAgAAYdIOAAFAAAAAEAAQAgAAAEAAAAAAAAAALAIOAAFAAZAAEAAQAgAAAMAAAAAAAAAALAIHwIFAB8CAAAAAAAAAAAAAAAAEwAS8YuPH0ILQB9CAAAAAAAAAAAAAAAAAAAAAACAA0AFAACAAAAAAAA/wAwADAAXwApDgAFAAJ9CC0AfQgAAAAAAAAAAAAAAAABAAAAAgANABQAAwAAAAEAAAAAMAAwAF8AKQ4ABQACfQgtAH0IAAAAAAAAAAAAAAAAAgAAAAIADQAUAAMAAAABAAAAADAAMABfACkOAAUAAn0ILQB9CAAAAAAAAAAAAAAAAAMAAAACAA0AFAADAAAAAQAAAAAwADAAXwApDgAFAAJ9CC0AfQgAAAAAAAAAAAAAAAAEAAAAAgANABQAAwAAAAEAAAAAMAAwAF8AKQ4ABQACfQgtAH0IAAAAAAAAAAAAAAAABQAAAAIADQAUAAIAAAAAAAD/ADAAMABfACkOAAUAAn0ILQB9CAAAAAAAAAAAAAAAAAYAAAACAA0AFAACAAAAAAAA/wAwADAAXwApDgAFAAJ9CC0AfQgAAAAAAAAAAAAAAAAHAAAAAgANABQAAgAAAAAAAP8AMAAwAF8AKQ4ABQACfQgtAH0IAAAAAAAAAAAAAAAACAAAAAIADQAUAAIAAAAAAAD/ADAAMABfACkOAAUAAn0ILQB9CAAAAAAAAAAAAAAAAAkAAAACAA0AFAACAAAAAAAA/wAwADAAXwApDgAFAAJ9CC0AfQgAAAAAAAAAAAAAAAAKAAAAAgANABQAAgAAAAAAAP8AMAAwAF8AKQ4ABQACfQgtAH0IAAAAAAAAAAAAAAAACwAAAAIADQAUAAIAAAAAAAD/ADAAMABfACkOAAUAAn0ILQB9CAAAAAAAAAAAAAAAAAwAAAACAA0AFAACAAAAAAAA/wAwADAAXwApDgAFAAJ9CC0AfQgAAAAAAAAAAAAAAAANAAAAAgANABQAAgAAAAAAAP8AMAAwAF8AKQ4ABQACfQgtAH0IAAAAAAAAAAAAAAAADgAAAAIADQAUAAIAAAAAAAD/ADAAMABfACkOAAUAAn0ILQB9CAAAAAAAAAAAAAAAAA8AAAACAA0AFAACAAAAAAAA/wAwADAAXwApDgAFAAJ9CEEAfQgAAAAAAAAAAAAAAAAQAAAAAwANABQAAwAAAAEAAAAAMAAwAF8AKQ4ABQACBAAUAAMAZWYEAAAAWwAkAKwgLQB9CEEAfQgAAAAAAAAAAAAAAAARAAAAAwANABQAAwAAAAEAAAAAMAAwAF8AKQ4ABQACBAAUAAMAZWYFAAAAWwAkAKwgLQB9CEEAfQgAAAAAAAAAAAAAAAASAAAAAwANABQAAwAAAAEAAAAAMAAwAF8AKQ4ABQACBAAUAAMAZWYGAAAAWwAkAKwgLQB9CEEAfQgAAAAAAAAAAAAAAAATAAAAAwANABQAAwAAAAEAAAAAMAAwAF8AKQ4ABQACBAAUAAMAZWYHAAAAWwAkAKwgLQB9CEEAfQgAAAAAAAAAAAAAAAAUAAAAAwANABQAAwAAAAEAAAAAMAAwAF8AKQ4ABQACBAAUAAMAZWYIAAAAWwAkAKwgLQB9CEEAfQgAAAAAAAAAAAAAAAAVAAAAAwANABQAAwAAAAEAAAAAMAAwAF8AKQ4ABQACBAAUAAMAZWYJAAAAWwAkAKwgLQB9CEEAfQgAAAAAAAAAAAAAAAAWAAAAAwANABQAAwAAAAEAAAAAMAAwAF8AKQ4ABQACBAAUAAMAzEwEAAAAWwAkAKwgLQB9CEEAfQgAAAAAAAAAAAAAAAAXAAAAAwANABQAAwAAAAEAAAAAMAAwAF8AKQ4ABQACBAAUAAMAzEwFAAAAWwAkAKwgLQB9CEEAfQgAAAAAAAAAAAAAAAAYAAAAAwANABQAAwAAAAEAAAAAMAAwAF8AKQ4ABQACBAAUAAMAzEwGAAAAWwAkAKwgLQB9CEEAfQgAAAAAAAAAAAAAAAAZAAAAAwANABQAAwAAAAEAAAAAMAAwAF8AKQ4ABQACBAAUAAMAzEwHAAAAWwAkAKwgLQB9CEEAfQgAAAAAAAAAAAAAAAAaAAAAAwANABQAAwAAAAEAAAAAMAAwAF8AKQ4ABQACBAAUAAMAzEwIAAAAWwAkAKwgLQB9CEEAfQgAAAAAAAAAAAAAAAAbAAAAAwANABQAAwAAAAEAAAAAMAAwAF8AKQ4ABQACBAAUAAMAzEwJAAAAWwAkAKwgLQB9CEEAfQgAAAAAAAAAAAAAAAAcAAAAAwANABQAAwAAAAAAAAAAMAAwAF8AKQ4ABQACBAAUAAMAMjMEAAAAWwAkAKwgLQB9CEEAfQgAAAAAAAAAAAAAAAAdAAAAAwANABQAAwAAAAAAAAAAMAAwAF8AKQ4ABQACBAAUAAMAMjMFAAAAWwAkAKwgLQB9CEEAfQgAAAAAAAAAAAAAAAAeAAAAAwANABQAAwAAAAAAAAAAMAAwAF8AKQ4ABQACBAAUAAMAMjMGAAAAWwAkAKwgLQB9CEEAfQgAAAAAAAAAAAAAAAAfAAAAAwANABQAAwAAAAAAAAAAMAAwAF8AKQ4ABQACBAAUAAMAMjMHAAAAWwAkAKwgLQB9CEEAfQgAAAAAAAAAAAAAAAAgAAAAAwANABQAAwAAAAAAAAAAMAAwAF8AKQ4ABQACBAAUAAMAMjMIAAAAWwAkAKwgLQB9CEEAfQgAAAAAAAAAAAAAAAAhAAAAAwANABQAAwAAAAAAAAAAMAAwAF8AKQ4ABQACBAAUAAMAMjMJAAAAWwAkAKwgLQB9CEEAfQgAAAAAAAAAAAAAAAAiAAAAAwANABQAAwAAAAAAAAAAMAAwAF8AKQ4ABQACBAAUAAMAAAAEAAAAWwAkAKwgLQB9CEEAfQgAAAAAAAAAAAAAAAAjAAAAAwANABQAAwAAAAAAAAAAMAAwAF8AKQ4ABQACBAAUAAMAAAAFAAAAWwAkAKwgLQB9CEEAfQgAAAAAAAAAAAAAAAAkAAAAAwANABQAAwAAAAAAAAAAMAAwAF8AKQ4ABQACBAAUAAMAAAAGAAAAWwAkAKwgLQB9CEEAfQgAAAAAAAAAAAAAAAAlAAAAAwANABQAAwAAAAAAAAAAMAAwAF8AKQ4ABQACBAAUAAMAAAAHAAAAWwAkAKwgLQB9CEEAfQgAAAAAAAAAAAAAAAAmAAAAAwANABQAAwAAAAAAAAAAMAAwAF8AKQ4ABQACBAAUAAMAAAAIAAAAWwAkAKwgLQB9CEEAfQgAAAAAAAAAAAAAAAAnAAAAAwANABQAAwAAAAAAAAAAMAAwAF8AKQ4ABQACBAAUAAMAAAAJAAAAWwAkAKwgLQB9CEEAfQgAAAAAAAAAAAAAAAAoAAAAAwANABQAAgAAAJwABv8AMAAwAF8AKQ4ABQACBAAUAAIAAAD/x87/WwAkAKwgLQB9CJEAfQgAAAAAAAAAAAAAAAApAAAABwANABQAAgAAAPp9AP8AMAAwAF8AKQ4ABQACBAAUAAIAAADy8vL/WwAkAKwgLQAHABQAAgAAAH9/f/8jACMAMAAuAAgAFAACAAAAf39//yAgICAgICAgCQAUAAIAAAB/f3//AAAAAAAAAAAKABQAAgAAAH9/f/8AAAAAAAAAAH0IkQB9CAAAAAAAAAAAAAAAACoAAAAHAA0AFAADAAAAAAAAAAAwADAAXwApDgAFAAIEABQAAgAAAKWlpf9bACQArCAtAAcAFAACAAAAPz8//yMAIwAwAC4ACAAUAAIAAAA/Pz//ICAgICAgICAJABQAAgAAAD8/P/8AAAAAAAAAAAoAFAACAAAAPz8//wAAAAAAAAAAfQgtAH0IAAAAAAAAAAAAAAAAKwAAAAIADQAUAAMAAAABAAAAADAAMABfACkOAAUAAn0ILQB9CAAAAAAAAAAAAAAAACwAAAACAA0AFAADAAAAAQAAAAAwADAAXwApDgAFAAJ9CC0AfQgAAAAAAAAAAAAAAAAtAAAAAgANABQAAwAAAAEAAAAAMAAwAF8AKQ4ABQACfQgtAH0IAAAAAAAAAAAAAAAALgAAAAIADQAUAAMAAAABAAAAADAAMABfACkOAAUAAn0ILQB9CAAAAAAAAAAAAAAAAC8AAAACAA0AFAACAAAAf39//wAwADAAXwApDgAFAAJ9CC0AfQgAAAAAAAAAAAAAAAAwAAAAAgANABQAAwAAAAsAAAAAMAAwAF8AKQ4ABQACfQhBAH0IAAAAAAAAAAAAAAAAMQAAAAMADQAUAAIAAAAAYQD/ADAAMABfACkOAAUAAgQAFAACAAAAxu/O/1sAJACsIC0AfQhBAH0IAAAAAAAAAAAAAAAAMgAAAAMADQAUAAMAAAADAAAAADAAMABfACkOAAUAAggAFAADAAAABAAAAFsAJACsIC0AfQhBAH0IAAAAAAAAAAAAAAAAMwAAAAMADQAUAAMAAAADAAAAADAAMABfACkOAAUAAggAFAADAP8/BAAAAFsAJACsIC0AfQhBAH0IAAAAAAAAAAAAAAAANAAAAAMADQAUAAMAAAADAAAAADAAMABfACkOAAUAAggAFAADADIzBAAAAFsAJACsIC0AfQgtAH0IAAAAAAAAAAAAAAAANQAAAAIADQAUAAMAAAADAAAAADAAMABfACkOAAUAAn0ILQB9CAAAAAAAAAAAAAAAADYAAAACAA0AFAADAAAACgAAAAAwADAAXwApDgAFAAJ9CJEAfQgAAAAAAAAAAAAAAAA3AAAABwANABQAAgAAAD8/dv8AMAAwAF8AKQ4ABQACBAAUAAIAAAD/zJn/WwAkAKwgLQAHABQAAgAAAH9/f/8jACMAMAAuAAgAFAACAAAAf39//yAgICAgICAgCQAUAAIAAAB/f3//AAAAAAAAAAAKABQAAgAAAH9/f/8AAAAAAAAAAH0IQQB9CAAAAAAAAAAAAAAAADgAAAADAA0AFAACAAAA+n0A/wAwADAAXwApDgAFAAIIABQAAgAAAP+AAf9bACQArCAtAH0IQQB9CAAAAAAAAAAAAAAAADkAAAADAA0AFAACAAAAnGUA/wAwADAAXwApDgAFAAIEABQAAgAAAP/rnP9bACQArCAtAH0IkQB9CAAAAAAAAAAAAAAAADoAAAAHAA0AFAADAAAAAQAAAAAwADAAXwApDgAFAAIEABQAAgAAAP//zP9bACQArCAtAAcAFAACAAAAsrKy/yMAIwAwAC4ACAAUAAIAAACysrL/ICAgICAgICAJABQAAgAAALKysv8AAAAAAAAAAAoAFAACAAAAsrKy/wAAAAAAAAAAfQiRAH0IAAAAAAAAAAAAAAAAOwAAAAcADQAUAAIAAAA/Pz//ADAAMABfACkOAAUAAgQAFAACAAAA8vLy/1sAJACsIC0ABwAUAAIAAAA/Pz//IwAjADAALgAIABQAAgAAAD8/P/8gICAgICAgIAkAFAACAAAAPz8//wAAAAAAAAAACgAUAAIAAAA/Pz//AAAAAAAAAAB9CC0AfQgAAAAAAAAAAAAAAAA8AAAAAgANABQAAwAAAAEAAAAAMAAwAF8AKQ4ABQACfQgtAH0IAAAAAAAAAAAAAAAAPQAAAAIADQAUAAMAAAADAAAAADAAMABfACkOAAUAAX0IVQB9CAAAAAAAAAAAAAAAAD4AAAAEAA0AFAADAAAAAQAAAAAwADAAXwApDgAFAAIHABQAAwAAAAQAAABbACQArCAtAAgAFAADAAAABAAAACMAIwAwAC4AfQgtAH0IAAAAAAAAAAAAAAAAPwAAAAIADQAUAAIAAAD/AAD/ADAAMABfACkOAAUAAn0ILQB9CAAAAAAAAAAAAAAAAEAAAAACAA0AFAACAAAAAAAA/wAwADAAXwApDgAFAAJ9CEEAfQgAAAAAAAAAAAAAAABBAAAAAwAOAAUAAgQAFAADAAHgCQAAAF8AKQ4ABQACBQAUAAIAAAAAAAD/WwAkAKwgLQB9CEEAfQgAAAAAAAAAAAAAAABCAAAAAwANABQAAgAAAAAAAP/gCQAAAF8AKQ4ABQACBAAUAAMAzEwIAAAAWwAkAKwgLQB9CEEAfQgAAAAAAAAAAAAAAABDAAAAAwANABQAAgAAAAAAAP/gCQAAAF8AKQ4ABQACBAAUAAMAMjMFAAAAWwAkAKwgLQB9CC0AfQgAAAAAAAAAAAAAAABEAAAAAgANABQAAgAAAAAAAP/gCQAAAF8AKQ4ABQACfQgtAH0IAAAAAAAAAAAAAAAARQAAAAIADQAUAAIAAAAAAAD/4AkAAABfACkOAAUAAn0ILQB9CAAAAAAAAAAAAAAAAEYAAAACAA0AFAACAAAAAAAA/+AJAAAAXwApDgAFAAJ9CEEAfQgAAAAAAAAAAAAAAABHAAAAAwANABQAAgAAAAAAAP/gCQAAAF8AKQ4ABQACBAAUAAMAMjMJAAAAWwAkAKwgLQB9CEEAfQgAAAAAAAAAAAAAAABIAAAAAwANABQAAgAAAAAAAP/gCQAAAF8AKQ4ABQACBAAUAAMAMjMJAAAAWwAkAKwgLQB9CEEAfQgAAAAAAAAAAAAAAABJAAAAAwANABQAAgAAAAAAAP/gCQAAAF8AKQ4ABQACBAAUAAMAMjMFAAAAWwAkAKwgLQB9CC0AfQgAAAAAAAAAAAAAAABKAAAAAgANABQAAgAAAAAAAP/gCQAAAF8AKQ4ABQACfQgtAH0IAAAAAAAAAAAAAAAASwAAAAIADQAUAAIAAAAAAAD/4AkAAABfACkOAAUAApMCEgAQAA0AADIwJSAtIEFjY2VudDGSCE0AkggAAAAAAAAAAAAABQQe/w0AMgAwACUAIAAtACAAQQBjAGMAZQBuAHQAMQAAAAMAAQAMAAcEZWbc5vH/BQAMAAcBAAAAAAD/JQAFAAKTAhIAEQANAAAyMCUgLSBBY2NlbnQykghNAJIIAAAAAAAAAAAAAAUEIv8NADIAMAAlACAALQAgAEEAYwBjAGUAbgB0ADIAAAADAAEADAAHBWVm8tzb/wUADAAHAQAAAAAA/yUABQACkwISABIADQAAMjAlIC0gQWNjZW50M5IITQCSCAAAAAAAAAAAAAAFBCb/DQAyADAAJQAgAC0AIABBAGMAYwBlAG4AdAAzAAAAAwABAAwABwZlZuvx3v8FAAwABwEAAAAAAP8lAAUAApMCEgATAA0AADIwJSAtIEFjY2VudDSSCE0AkggAAAAAAAAAAAAABQQq/w0AMgAwACUAIAAtACAAQQBjAGMAZQBuAHQANAAAAAMAAQAMAAcHZWbk3+z/BQAMAAcBAAAAAAD/JQAFAAKTAhIAFAANAAAyMCUgLSBBY2NlbnQ1kghNAJIIAAAAAAAAAAAAAAUELv8NADIAMAAlACAALQAgAEEAYwBjAGUAbgB0ADUAAAADAAEADAAHCGVm2u7z/wUADAAHAQAAAAAA/yUABQACkwISABUADQAAMjAlIC0gQWNjZW50NpIITQCSCAAAAAAAAAAAAAAFBDL/DQAyADAAJQAgAC0AIABBAGMAYwBlAG4AdAA2AAAAAwABAAwABwllZv3p2f8FAAwABwEAAAAAAP8lAAUAApMCEgAWAA0AADQwJSAtIEFjY2VudDGSCE0AkggAAAAAAAAAAAAABQQf/w0ANAAwACUAIAAtACAAQQBjAGMAZQBuAHQAMQAAAAMAAQAMAAcEzEy4zOT/BQAMAAcBAAAAAAD/JQAFAAKTAhIAFwANAAA0MCUgLSBBY2NlbnQykghNAJIIAAAAAAAAAAAAAAUEI/8NADQAMAAlACAALQAgAEEAYwBjAGUAbgB0ADIAAAADAAEADAAHBcxM5ri3/wUADAAHAQAAAAAA/yUABQACkwISABgADQAANDAlIC0gQWNjZW50M5IITQCSCAAAAAAAAAAAAAAFBCf/DQA0ADAAJQAgAC0AIABBAGMAYwBlAG4AdAAzAAAAAwABAAwABwbMTNjkvP8FAAwABwEAAAAAAP8lAAUAApMCEgAZAA0AADQwJSAtIEFjY2VudDSSCE0AkggAAAAAAAAAAAAABQQr/w0ANAAwACUAIAAtACAAQQBjAGMAZQBuAHQANAAAAAMAAQAMAAcHzEzMwNr/BQAMAAcBAAAAAAD/JQAFAAKTAhIAGgANAAA0MCUgLSBBY2NlbnQ1kghNAJIIAAAAAAAAAAAAAAUEL/8NADQAMAAlACAALQAgAEEAYwBjAGUAbgB0ADUAAAADAAEADAAHCMxMt97o/wUADAAHAQAAAAAA/yUABQACkwISABsADQAANDAlIC0gQWNjZW50NpIITQCSCAAAAAAAAAAAAAAFBDP/DQA0ADAAJQAgAC0AIABBAGMAYwBlAG4AdAA2AAAAAwABAAwABwnMTPzVtP8FAAwABwEAAAAAAP8lAAUAApMCEgAcAA0AADYwJSAtIEFjY2VudDGSCE0AkggAAAAAAAAAAAAABQQg/w0ANgAwACUAIAAtACAAQQBjAGMAZQBuAHQAMQAAAAMAAQAMAAcEMjOVs9f/BQAMAAcAAAD/////JQAFAAKTAhIAHQANAAA2MCUgLSBBY2NlbnQykghNAJIIAAAAAAAAAAAAAAUEJP8NADYAMAAlACAALQAgAEEAYwBjAGUAbgB0ADIAAAADAAEADAAHBTIz2paU/wUADAAHAAAA/////yUABQACkwISAB4ADQAANjAlIC0gQWNjZW50M5IITQCSCAAAAAAAAAAAAAAFBCj/DQA2ADAAJQAgAC0AIABBAGMAYwBlAG4AdAAzAAAAAwABAAwABwYyM8TXm/8FAAwABwAAAP////8lAAUAApMCEgAfAA0AADYwJSAtIEFjY2VudDSSCE0AkggAAAAAAAAAAAAABQQs/w0ANgAwACUAIAAtACAAQQBjAGMAZQBuAHQANAAAAAMAAQAMAAcHMjOxoMf/BQAMAAcAAAD/////JQAFAAKTAhIAIAANAAA2MCUgLSBBY2NlbnQ1kghNAJIIAAAAAAAAAAAAAAUEMP8NADYAMAAlACAALQAgAEEAYwBjAGUAbgB0ADUAAAADAAEADAAHCDIzks3c/wUADAAHAAAA/////yUABQACkwISACEADQAANjAlIC0gQWNjZW50NpIITQCSCAAAAAAAAAAAAAAFBDT/DQA2ADAAJQAgAC0AIABBAGMAYwBlAG4AdAA2AAAAAwABAAwABwkyM/q/j/8FAAwABwAAAP////8lAAUAApMCDAAiAAcAAEFjY2VudDGSCEEAkggAAAAAAAAAAAAABQQd/wcAQQBjAGMAZQBuAHQAMQAAAAMAAQAMAAcEAABPgb3/BQAMAAcAAAD/////JQAFAAKTAgwAIwAHAABBY2NlbnQykghBAJIIAAAAAAAAAAAAAAUEIf8HAEEAYwBjAGUAbgB0ADIAAAADAAEADAAHBQAAwFBN/wUADAAHAAAA/////yUABQACkwIMACQABwAAQWNjZW50M5IIQQCSCAAAAAAAAAAAAAAFBCX/BwBBAGMAYwBlAG4AdAAzAAAAAwABAAwABwYAAJu7Wf8FAAwABwAAAP////8lAAUAApMCDAAlAAcAAEFjY2VudDSSCEEAkggAAAAAAAAAAAAABQQp/wcAQQBjAGMAZQBuAHQANAAAAAMAAQAMAAcHAACAZKL/BQAMAAcAAAD/////JQAFAAKTAgwAJgAHAABBY2NlbnQ1kghBAJIIAAAAAAAAAAAAAAUELf8HAEEAYwBjAGUAbgB0ADUAAAADAAEADAAHCAAAS6zG/wUADAAHAAAA/////yUABQACkwIMACcABwAAQWNjZW50NpIIQQCSCAAAAAAAAAAAAAAFBDH/BwBBAGMAYwBlAG4AdAA2AAAAAwABAAwABwkAAPeWRv8FAAwABwAAAP////8lAAUAApMCCAAoAAMAAEJhZJIIOQCSCAAAAAAAAAAAAAAFARv/AwBCAGEAZAAAAAMAAQAMAAX/AAD/x87/BQAMAAX/AACcAAb/JQAFAAKTAhAAKQALAABDYWxjdWxhdGlvbpIIgQCSCAAAAAAAAAAAAAAFAhb/CwBDAGEAbABjAHUAbABhAHQAaQBvAG4AAAAHAAEADAAF/wAA8vLy/wUADAAF/wAA+n0A/yUABQACBgAOAAX/AAB/f3//AQAHAA4ABf8AAH9/f/8BAAgADgAF/wAAf39//wEACQAOAAX/AAB/f3//AQCTAg8AKgAKAABDaGVjayBDZWxskgh/AJIIAAAAAAAAAAAAAAUCF/8KAEMAaABlAGMAawAgAEMAZQBsAGwAAAAHAAEADAAF/wAApaWl/wUADAAHAAAA/////yUABQACBgAOAAX/AAA/Pz//BgAHAA4ABf8AAD8/P/8GAAgADgAF/wAAPz8//wYACQAOAAX/AAA/Pz//BgCTAgQAK4AD/5IIIACSCAAAAAAAAAAAAAABBQP/BQBDAG8AbQBtAGEAAAAAAJMCBAAsgAb/kggoAJIIAAAAAAAAAAAAAAEFBv8JAEMAbwBtAG0AYQAgAFsAMABdAAAAAACTAgQALYAE/5IIJgCSCAAAAAAAAAAAAAABBQT/CABDAHUAcgByAGUAbgBjAHkAAAAAAJMCBAAugAf/kgguAJIIAAAAAAAAAAAAAAEFB/8MAEMAdQByAHIAZQBuAGMAeQAgAFsAMABdAAAAAACTAhUALwAQAABFeHBsYW5hdG9yeSBUZXh0kghHAJIIAAAAAAAAAAAAAAUCNf8QAEUAeABwAGwAYQBuAGEAdABvAHIAeQAgAFQAZQB4AHQAAAACAAUADAAF/wAAf39//yUABQACkwIEADCACf+SCEsAkggAAAAAAAAAAAAAAQIJ/xIARgBvAGwAbABvAHcAZQBkACAASAB5AHAAZQByAGwAaQBuAGsAAAACAAUADAAHCwAAgACA/yUABQACkwIJADEABAAAR29vZJIIOwCSCAAAAAAAAAAAAAAFARr/BABHAG8AbwBkAAAAAwABAAwABf8AAMbvzv8FAAwABf8AAABhAP8lAAUAApMCDgAyAAkAAEhlYWRpbmcgMZIIRwCSCAAAAAAAAAAAAAAFAxD/CQBIAGUAYQBkAGkAbgBnACAAMQAAAAMABQAMAAcDAAAfSX3/JQAFAAIHAA4ABwQAAE+Bvf8FAJMCDgAzAAkAAEhlYWRpbmcgMpIIRwCSCAAAAAAAAAAAAAAFAxH/CQBIAGUAYQBkAGkAbgBnACAAMgAAAAMABQAMAAcDAAAfSX3/JQAFAAIHAA4ABwT/P6e/3v8FAJMCDgA0AAkAAEhlYWRpbmcgM5IIRwCSCAAAAAAAAAAAAAAFAxL/CQBIAGUAYQBkAGkAbgBnACAAMwAAAAMABQAMAAcDAAAfSX3/JQAFAAIHAA4ABwQyM5Wz1/8CAJMCDgA1AAkAAEhlYWRpbmcgNJIIOQCSCAAAAAAAAAAAAAAFAxP/CQBIAGUAYQBkAGkAbgBnACAANAAAAAIABQAMAAcDAAAfSX3/JQAFAAKTAgQANoAI/5IIOQCSCAAAAAAAAAAAAAABAgj/CQBIAHkAcABlAHIAbABpAG4AawAAAAIABQAMAAcKAAAAAP//JQAFAAKTAgoANwAFAABJbnB1dJIIdQCSCAAAAAAAAAAAAAAFAhT/BQBJAG4AcAB1AHQAAAAHAAEADAAF/wAA/8yZ/wUADAAF/wAAPz92/yUABQACBgAOAAX/AAB/f3//AQAHAA4ABf8AAH9/f/8BAAgADgAF/wAAf39//wEACQAOAAX/AAB/f3//AQCTAhAAOAALAABMaW5rZWQgQ2VsbJIISwCSCAAAAAAAAAAAAAAFAhj/CwBMAGkAbgBrAGUAZAAgAEMAZQBsAGwAAAADAAUADAAF/wAA+n0A/yUABQACBwAOAAX/AAD/gAH/BgCTAgwAOQAHAABOZXV0cmFskghBAJIIAAAAAAAAAAAAAAUBHP8HAE4AZQB1AHQAcgBhAGwAAAADAAEADAAF/wAA/+uc/wUADAAF/wAAnGUA/yUABQACkwIEAACAAP+SCDMAkggAAAAAAAAAAAAAAQEA/wYATgBvAHIAbQBhAGwAAAACAAUADAAF/wAAAAAA/yUABQACkwIJADoABAAATm90ZZIIYgCSCAAAAAAAAAAAAAAFAgr/BABOAG8AdABlAAAABQABAAwABf8AAP//zP8GAA4ABf8AALKysv8BAAcADgAF/wAAsrKy/wEACAAOAAX/AACysrL/AQAJAA4ABf8AALKysv8BAJMCCwA7AAYAAE91dHB1dJIIdwCSCAAAAAAAAAAAAAAFAhX/BgBPAHUAdABwAHUAdAAAAAcAAQAMAAX/AADy8vL/BQAMAAX/AAA/Pz//JQAFAAIGAA4ABf8AAD8/P/8BAAcADgAF/wAAPz8//wEACAAOAAX/AAA/Pz//AQAJAA4ABf8AAD8/P/8BAJMCBAA8gAX/kggkAJIIAAAAAAAAAAAAAAEFBf8HAFAAZQByAGMAZQBuAHQAAAAAAJMCCgA9AAUAAFRpdGxlkggxAJIIAAAAAAAAAAAAAAUDD/8FAFQAaQB0AGwAZQAAAAIABQAMAAcDAAAfSX3/JQAFAAGTAgoAPgAFAABUb3RhbJIITQCSCAAAAAAAAAAAAAAFAxn/BQBUAG8AdABhAGwAAAAEAAUADAAHAQAAAAAA/yUABQACBgAOAAcEAABPgb3/AQAHAA4ABwQAAE+Bvf8GAJMCEQA/AAwAAFdhcm5pbmcgVGV4dJIIPwCSCAAAAAAAAAAAAAAFAgv/DABXAGEAcgBuAGkAbgBnACAAVABlAHgAdAAAAAIABQAMAAX/AAD/AAD/JQAFAAKOCFgAjggAAAAAAAAAAAAAkAAAABEAEQBUAGEAYgBsAGUAUwB0AHkAbABlAE0AZQBkAGkAdQBtADIAUABpAHYAbwB0AFMAdAB5AGwAZQBMAGkAZwBoAHQAMQA2AGABAgAAAIUAHgAbOAAAAAAWAEp1bWxhaCBwZW5kdWR1ayBNaXNraW6aCBgAmggAAAAAAAAAAAAAAQAAAAAAAAABAAAAowgQAKMIAAAAAAAAAAAAAAAAAACMAAQAAQA+AMEBCADBAQAAjTQCAPwAzQAKAAAACgAAAAgAAFByb3BpbnNpBQAAVGFodW4JAABDYXRhdGFuIDoPAABUdWxpc2FuICJUYWh1biIMAABEYXRhIGNvbnRlbnQhAAAtIFNoZWV0IGFkYWxhaCBuYW1hIG5hbWEgVmFyaWFiZWwGAABUYWh1biAZAABOYW1hIEtlbG9tcG9rIEp1ZHVsIEJhcmlzCwAASnVkdWwgQmFyaXMrAAAtVGVtcGxhdGUgaW5pIERhcGF0IGRpZ3VuYWthbiB1bnR1ayAxIFRhaHVu/wASAAgA5jYAAAwAAABvNwAAlQAAAGMIFgBjCAAAAAAAAAAAAAAWAAAAAAAAAAIAlggQAJYIAAAAAAAAAAAAAELlAQCbCBAAmwgAAAAAAAAAAAAAAQAAAIwIEACMCAAAAAAAAAAAAAAAAAAACgAAAAkIEAAABhAAZjLNB8nEAQAGBgAACwIYAAAAAAAAAAAAJQAAACM9AAAcQwAA+kMAAA0AAgABAAwAAgBkAA8AAgABABEAAgAAABAACAD8qfHSTWJQP18AAgABACoAAgAAACsAAgAAAIIAAgABAIAACAAAAAAAAAAAACUCBAAAACwBgQACAMEEFAAAABUAAACDAAIAAACEAAIAAAAmAAgAAAAAAAAA6D8nAAgAAAAAAAAA6D8oAAgAAAAAAAAA8D8pAAgAAAAAAAAA8D9NAOoDAABTAGUAbgBkACAAVABvACAATwBuAGUATgBvAHQAZQAgADIAMAAxADAAAAAAAAAAAAAAAAAAAAAAAAAAAAAAAAAAAQQABtwADAMDLwAAAQABAOoKbwhkAAEADwBYAgIAAQBYAgMAAQBMAGUAdAB0AGUAcgAAAAAAAAAAAAAAAAAAAAAAAAAAAAAAAAAAAAAAAAAAAAAAAAAAAAAAAAAAAAAAAAAAAAAAAAAAAAAAAAAAAAAAAAABAAAAAAAAAAEAAAACAAAAAQAAAP////8AAAAAAAAAAAAAAAAAAAAARElOVSIA0AAMAwAAwqyQUQAAAAAAAAAAAAAAAAAAAAAAAAAAAAAAAAAAAAAFAAAAAAAHAAAAAAAAAAAAAAAAAAAAAAAAAAAAAAAAAAAAAAAAAAAAAAAAAAAAAAAAAAAAAAAAAAAAAAAAAAAAAAAAAAAAAAAAAAAAAAAAAAAAAAAAAAAAAAAAAAAAAAAAAAAAAAAAAAAAAAAAAAAAAAAAAAAAAAAAAAAAAAAAAAAAAAAAAAAAAAAAAAAAAAAAAAAAAAAAAAAAAAAAAAAAAAAAAAAAAAAAAAAAAAAAAAAAAAAAAAAAAAAAAAAAAAAAAAAAAAAAAAAAAAAAAAAAAAAAAAAAAAAAAAAAAAAAAAAAAAAAAAAAAAAAAAAAAAAAAAAAAAAAAAAAAAAAAAAAAAAAAAAAAAAAAAAAAAAAAAAAAAAAAAAAAAAAAAAAAAAAAAAAAAAAAAAAAAAAAAAAAAAAAAAAAAAAAAAAAAAAAAAAAAAAAAAAAAAAAAAAAAAAAAAAAAAAAAAAAAAAAAAAAAAAAAAAAAAAAAAAAAAAAAAAAAAAAAAAAAAAAAAAAAAAAAAAAAAAAAAAAAAAAAAAAAAAAAAAAAAAAAAAAAAAAAAAAAAAAAAAAAAAAAAAAAAAAAAAAAAAAAAAAAAAAAAAAAAAAAAAAAAAAAAAAAAAAAAAAAAAAAAAAAAAAAAAAAAAAAAAAAAAAAAAAAAAAAAAAAAAAAAAAAAAAAAAAAAAAAAAAAABAAAAAAAAAAAAAADQAAAAU01USgAAAAAQAMAAUwBlAG4AZAAgAFQAbwAgAE0AaQBjAHIAbwBzAG8AZgB0ACAATwBuAGUATgBvAHQAZQAgADIAMAAxADAAIABEAHIAaQB2AGUAcgAAAFJFU0RMTABVbmlyZXNETEwAUGFwZXJTaXplAExFVFRFUgBPcmllbnRhdGlvbgBQT1JUUkFJVABSZXNvbHV0aW9uAERQSTYwMABDb2xvck1vZGUAMjRicHAAAAAAAAAAAAAAAAAAAAAAAAAAAAAAAAAAAAAAoQAiAAEAZAABAAEAAQACAFgCWAIAAAAAAADgPwAAAAAAAOA/AQCcCCYAnAgAAAAAAAAAAAAAAAAAAAAAAAAAAAAAAAAAAAwAAAAAAAAAAABVAAIACAB9AAwAAAAAAEkbQAACAAAAfQAMAAEAAQCSDEAAAgAAAAACDgAAAAAAJQAAAAAACQAAAAgCEAAAAAAACQAsAQAAAAAAAQ8ACAIQAAEAAAAJACwBAAAAAEABDwAIAhAAAgAAAAkALAEAAAAAwAFAAAgCEAADAAAACQAsAQAAAADAAUAACAIQAAQAAAAJACwBAAAAAMABQAAIAhAABQAAAAkALAEAAAAAwAFAAAgCEAAGAAAACQAsAQAAAADAAUAACAIQAAcAAAAJACwBAAAAAMABQAAIAhAACAAAAAkALAEAAAAAwAFAAAgCEAAJAAAACQAsAQAAAADAAUAACAIQAAoAAAAJACwBAAAAAMABQAAIAhAACwAAAAkALAEAAAAAwAFAAAgCEAAMAAAACQAsAQAAAADAAUAACAIQAA0AAAAJACwBAAAAAMABQAAIAhAADgAAAAkALAEAAAAAwAFAAAgCEAAPAAAACQAsAQAAAADAAUAACAIQABAAAAACACwBAAAAAMABQAAIAhAAEQAAAAIALAEAAAAAwAFAAAgCEAASAAAAAgAsAQAAAADAAUAACAIQABMAAAACACwBAAAAAMABQAAIAhAAFAAAAAIALAEAAAAAAAEPAAgCEAAVAAAAAgAsAQAAAAAAAQ8ACAIQABYAAAACACwBAAAAAAABDwAIAhAAFwAAAAIALAEAAAAAAAEPAAgCEAAYAAAAAgAsAQAAAAAAAQ8ACAIQABkAAAACACwBAAAAAAABDwAIAhAAGgAAAAIALAEAAAAAAAEPAAgCEAAbAAAAAgAsAQAAAAAAAQ8ACAIQABwAAAACACwBAAAAAAABDwAIAhAAHQAAAAIALAEAAAAAAAEPAAgCEAAeAAAAAgAsAQAAAAAAAQ8ACAIQAB8AAAACACwBAAAAAAABDwD9AAoAAAAAAEkAAAAAAP0ACgAAAAEASAABAAAAAQIGAAEAAABJAH4CCgABAAEAQgAAkJ9AAQIGAAIAAABBAH4CCgACAAEASgAAACJAAQIGAAMAAABBAH4CCgADAAEASgAAAChAAQIGAAQAAABBAH4CCgAEAAEASgAAADVAAQIGAAUAAABBAH4CCgAFAAEASgAAACBAAQIGAAYAAABBAH4CCgAGAAEASgAAADxAAQIGAAYAAwBDAP0ACgAGAAQAQAAHAAAAAQIGAAcAAABBAH4CCgAHAAEASgAAAChAAQIGAAcAAwBBAP0ACgAHAAQAQAAIAAAAAQIGAAgAAABBAH4CCgAIAAEASgAAABhAAQIGAAgAAwBCAP0ACgAIAAQAQAAGAAAAAQIGAAkAAABBAH4CCgAJAAEASgAAADFAAQIGAAkAAwBEAP0ACgAJAAQAQAAEAAAAAQIGAAoAAABBAH4CCgAKAAEASgAAgEVAAQIGAAoAAwBHAP0ACgAKAAQARgADAAAAvgAOAAoABQBGAEYARgBGAAgAAQIGAAsAAABBAH4CCgALAAEASgAAAChA/QAKAAsAAwBAAAIAAAABAgYADAAAAEEAfgIKAAwAAQBKAAAALED9AAoADAADAEUACQAAAAECBgANAAAAQQB+AgoADQABAEoAAAAgQP0ACgANAAMARQAFAAAAAQIGAA4AAABBAH4CCgAOAAEASgAAACRAAQIGAA8AAABBAH4CCgAPAAEASgAAADVAAQIGABAAAABBAH4CCgAQAAEASgAAACpAAQIGABEAAABBAH4CCgARAAEASgAAADhAAQIGABIAAABBAH4CCgASAAEASgAAABhAAQIGABMAAABBAH4CCgATAAEASgAAACJAfgIKABQAAQBKAAAAFEB+AgoAFQABAEoAAAAgQH4CCgAWAAEASgAAAChAfgIKABcAAQBKAAAAJEB+AgoAGAABAEoAAAAkQAYAIwAZAAEASgAAAAAAAOBzQAAABiAA/A0AJQIAGAABwAHAGRARAgECBgAaAAEASgABAgYAGwABAEoAAQIGABwAAQBKAAECBgAdAAEASgABAgYAHgABAEoAAQIGAB8AAQBKANcARADBBQAAbAIcABgAGAAYABgAGAAwADAAMAAwAEIAJgAmACYAGAAYABgAGAAYABgADgAOAA4ADgAOACcACgAKAAoACgAKAAgCEAAgAAEAAgAsAQAAAAAAAQ8ACAIQACEAAQACACwBAAAAAAABDwAIAhAAIgABAAIALAEAAAAAAAEPAAgCEAAjAAEAAgAsAQAAAAAAAQ8ACAIQACQAAQACACwBAAAAAAABDwABAgYAIAABAEoAAQIGACEAAQBKAAECBgAiAAEASgABAgYAIwABAEoAAQIGACQAAQBLANcADgCWAAAAUAAKAAoACgAKAD4CEgC0BggAAABAAAAAAAAAAADgAACLCBAAiwgAAAAAAAAAAAAAAAAC4B0ADwADGgABAAAAAQAaABoAAQHlAAoAAQAAAAEAAAAAAGcIFwBnCAAAAAAAAAAAAAACAAH/////A0QAAAoAAAAAAAAAAAAAAAAAAAAAAAAAAAAAAAAAAAAAAAAAAAAAAAAAAAAAAAAAAAAAAAAAAAAAAAAAAAAAAAAAAAAAAAAAAAAAAAAAAAAAAAAAAAAAAAAAAAAAAAAAAAAAAAAAAAAAAAAAAAAAAAAAAAAAAAAAAAAAAAAAAAAAAAAAAAAAAAAAAAAAAAAAAAAAAAAAAAAAAAAAAAAAAAAAAAAAAAAAAAAAAAAAAAAAAAAAAAAAAAAAAAAAAAAAAAAAAAAAAAAAAAAAAAAAAAAAAAAAAAAAAAAAAAAAAAAAAAAAAAAAAAAAAAAAAAAAAAAAAAAAAAAAAAAAAAAAAAAAAAAAAAAAAAAAAAAAAAAAAAAAAAAAAAAAAAAAAAAAAAAAAAAAAAAAAAAAAAAAAAAAAAAAAAAAAAAAAAAAAAAAAAAAAAAAAAAAAAAAAAAAAAAAAAAAAAAAAAAAAAAAAAAAAAAAAAAAAAAAAAAAAAAAAAAAAAAAAAAAAAAAAAAAAAAAAAAAAAAAAAAAAAAAAAAA/v8AAAYCAgAAAAAAAAAAAAAAAAAAAAAAAQAAAOCFn/L5T2gQq5EIACsns9kwAAAAgAAAAAYAAAABAAAAOAAAAAQAAABAAAAACAAAAEwAAAAMAAAAYAAAAA0AAABsAAAAEwAAAHgAAAACAAAA5AQAAB4AAAAEAAAAYnBzAB4AAAAMAAAAYWNoaXJ1emFtYW4AQAAAAABW1zMIUs8BQAAAAAB5vTMP1dcBAwAAAAAAAAAAAAAAAAAAAAAAAAAAAAAAAAAAAAAAAAAAAAAAAAAAAAAAAAAAAAAAAAAAAAAAAAAAAAAAAAAAAAAAAAAAAAAAAAAAAAAAAAAAAAAAAAAAAAAAAAAAAAAAAAAAAAAAAAAAAAAAAAAAAAAAAAAAAAAAAAAAAAAAAAAAAAAAAAAAAAAAAAAAAAAAAAAAAAAAAAAAAAAAAAAAAAAAAAAAAAAAAAAAAAAAAAAAAAAAAAAAAAAAAAAAAAAAAAAAAAAAAAAAAAAAAAAAAAAAAAAAAAAAAAAAAAAAAAAAAAAAAAAAAAAAAAAAAAAAAAAAAAAAAAAAAAAAAAAAAAAAAAAAAAAAAAAAAAAAAAAAAAAAAAAAAAAAAAAAAAAAAAAAAAAAAAAAAAAAAAAAAAAAAAAAAAAAAAAAAAAAAAAAAAAAAAAAAAAAAAAAAAAAAAAAAAAAAAAAAAAAAAAAAAAAAAAAAAAAAAAAAAAAAAAAAAAAAAAAAAAAAAAAAAAAAAAAAAAAAAAAAAAAAAAAAAAAAAAAAAAAAAAAAAAAAAAAAAAAAAAAAAAAAAAAAAAAAAAAAAAAAAAAAAAAAAAAAAAAAAAAAAAAAAAAAAAAAAAAAAAAAAAAAAAAAAAAAAAAAAAAAAAAAAAAAAAAAAAAAAAAAAAAAAAAAAAAAAAAAAAAAAAAAAAAAAAAAAAAAAAAAAAAAAAAAAAAAAAAAAAAAAAAAAAAAAAAAAAAAAAAAAAAAAAAAAAAAAAAAAAAAAAAAAAAAAAAAAAAAAAAAAAAAAAAAAAAAAAAAAAAAAAAAAAAAAAAAAAAAAAAAAAAAAAAAAAAAAAAAAAAAAAAAAAAAAAAAAAAAAAAAAAAAAAAAAAAAAAAAAAAAAAAAAAAAAAAAAAAAAAAAAAAAAAAAAAAAAAAAAAAAAAAAAAAAAAAAAAAAAAAAAAAAAAAAAAAAAAAAAAAAAAAAAAAAAAAAAAAAAAAAAAAAAAAAAAAAAAAAAAAAAAAAAAAAAAAAAAAAAAAAAAAAAAAAAAAAAAAAAAAAAAAAAAAAAAAAAAAAAAAAAAAAAAAAAAAAAAAAAAAAAAAAAAAAAAAAAAAAAAAAAAAAAAAAAAAAAAAAAAAAAAAAAAAAAAAAAAAAAAAAAAAAAAAAAAAAAAAAAAAAAAAAAAAAAAAAAAAAAAAAAAAAAAAAAAAAAAAAAAAAAAAAAAAAAAAAAAAAAAAAAAAAAAAAAAAAAAAAAAAAAAAAAAAAAAAAAAAAAAAAAAAAAAAAAAAAAAAAAAAAAAAAAAAAAAAAAAAAAAAAAAAAAAAAAAAAAAAAAAAAAAAAAAAAAAAAAAAAAAAAAAAAAAAAAAAAAAAAAAAAAAAAAAAAAAAAAAAAAAAAAAAAAAAAAAAAAAAAAAAAAAAAAAAAAAAAAAAAAAAAAAAAAAAAAAAAAAAAAAAAAAAAAAAAAAAAAAAAAAAAAAAAAAAAAAAAAAAAAAAAAAAAAAAAAAAAAAAAAAAAAAAAAAAAAAAAAAAAAAAAAAAAAAAAAAAAAAAAAAAAAAAAAAAAAAAAAAAAAAAAAAAAAAAAAAAAAAAAAAAAAAAAAAAAAAAAAAAAAAAAAAAAAAAAAAAAAAAAAAAAAAAAAAAAAAAAAAAAAAAAAAAAAAAAAAAAAAAAAAAAAAAAAAAAAAAAAAAAAAAAAAAAAAAAAAAAAAAAAAAAAAAAAAAAAAAAAAAAAAAAAAAAAAAAAAAAAAAAAAAAAAAAAAAAAAAAAAAAAAAAAAAAAAAAAAAAAAAAAAAAAAAAAAAAAAAAAAAAAAAAAAAAAAAAAAAAAAAAAAAAAAAAAAAAAAAAAAAAAAAAAAAAAAAAAAAAAAAAAAAAAAAAAAAAAAAAAAAAAAAAAAAAAAAAAAAAAAAAAAAAAAAAAAAAAAAAAAAAAAAAAAAAAAAAAAAAAAAAAAAAAAAAAAAAAAAAAAAAAAAAAAAAAAAAAAAAAAAAAAAAAAAAAAAAAAAAAAAAAAAAAAAAAAAAAAAAAAAAAAAAAAAAAAAAAAAAAAAAAAAAAAAAAAAAAAAAAAAAAAAAAAAAAAAAAAAAAAAAAAAAAAAAAAAAAAAAAAAAAAAAAAAAAAAAAAAAAAAAAAAAAAAAAAAAAAAAAAAAAAAAAAAAAAAAAAAAAAAAAAAAAAAAAAAAAAAAAAAAAAAAAAAAAAAAAAAAAAAAAAAAAAAAAAAAAAAAAAAAAAAAAAAAAAAAAAAAAAAAAAAAAAAAAAAAAAAAAAAAAAAAAAAAAAAAAAAAAAAAAAAAAAAAAAAAAAAAAAAAAAAAAAAAAAAAAAAAAAAAAAAAAAAAAAAAAAAAAAAAAAAAAAAAAAAAAAAAAAAAAAAAAAAAAAAAAAAAAAAAAAAAAAAAAAAAAAAAAAAAAAAAAAAAAAAAAAAAAAAAAAAAAAAAAAAAAAAAAAAAAAAAAAAAAAAAAAAAAAAAAAAAAAAAAAAAAAAAAAAAAAAAAAAAAAAAAAAAAAAAAAAAAAAAAAAAAAAAAAAAAAAAAAAAAAAAAAAAAAAAAAAAAAAAAAAAAAAAAAAAAAAAAAAAAAAAAAAAAAAAAAAAAAAAAAAAAAAAAAAAAAAAAAAAAAAAAAAAAAAAAAAAAAAAAAAAAAAAAAAAAAAAAAAAAAAAAAAAAAAAAAAAAAAAAAAAAAAAAAAAAAAAAAAAAAAAAAAAAAAAAAAAAAAAAAAAAAAAAAAAAAAAAAAAAAAAAAAAAAAAAAAAAAAAAAAAAAAAAAAAAAAAAAAAAAAAAAAAAAAAAAAAAAAAAAAAAAAAAAAAAAAAAAAAAAAAAAAAAAAAAAAAAAAAAAAAAAAAAAAAAAAAAAAAAAAAAAAAAAAAAAAAAAAAAAAAAAAAAAAAAAAAAAAAAAAAAAAAAAAAAAAAAAAAAAAAAAAAAAAAAAAAAAAAAAAAAAAAAAAAAAAAAAAAAAAAAAAAAAAAAAAAAAAAAAAAAAAAAAAAAAAAAAAAAAAAAAAAAAAAAAAAAAAAAAAAAAAAAAAAAAAAAAAAAAAAAAAAAAAAAAAAAAAAAAAAAAAAAAAAAAAAAAAAAAAAAAAAAAAAAAAAAAAAAAAAAAAAAAAAAAAAAAAAAAAAAAAAAAAAAAAAAAAAAAAAAAAAAAAAAAAAAAAAAAAAAAAAAAAAAAAAAAAAAAAAAAAAAAAAAAAAAAAAAAAAAAAAAAAAAAAAAAAAAAAAAAAAAAAAAAAAAAAAAAAAAAAAAAAAAAAAAAAAAAAAAAAAAAAAAAAAAAAAAAAAAAAAAAAAAAAAAAAAAAAAAAAAAAAAAAAAAAAAAAAAAAAAAAAAAAAAAAAAAAAAAAAAAAAAAAAAAAAAAAAAAAAAAAAAAAAAAAAAAAAAAAAAAAAAAAAAAAAAAAAAAAAAAAAAAAAAAAAAAAAAAAAAAAAAAAAAAAAAAAAAAAAAAAAAAAAAAAAAAAAAAAAAAAAAAAAAAAAAAAAAAAAAAAAAAAAAAAAAAAAAAAAAAAAAAAAAAAAAAAAAAAAAAAAAAAAAAAAAAAAAAAAAAAAAAAAAAAAAAAAAAAAAAAAAAAAAAAAAAAAAAAAAAAAAAAAAAAAAAAAAAAAAAAAAAAAAAAAAAAAAAAAAAAAAAAAAAAAAAAAAAAAAAAAAAAAAAAAAAAAAAAAAAAAAAAAAAAAAAAAAAAAAAAAAAAAAAAAAAAAAAAAAAAAAAAAAAAAAAAAAAAAAAAAAAAAAAAAAAAAAAAAAAAAAAAAAAAAAAAAAAAAAAAAAAAAAAAAAAAAAAAAAAAAAAAAAAAAAAAAAAAAAAAAAAAAAAAAAAAAAAAAAAAAAAAAAAAAAAAAAAAAAAAAAAAAAAAAAAAAAAAAAAAAAAAAAAAAAAAAAAAAAAAAAAAAAAAAAAAAAAAAAAAAAAAAAAAAAAAAAAAAAAAAAAAAAAAAAAAAAAAAAAAAAAAAAAAAAAAAAAAAAAAAAAAAAAAAAAAAAAAAAAAAAAAAAAAAAAAAAAAAAAAAAAAAAAAAAAAAAAAAAAAAAAAAAAAAAAAAAAAAAAAAAAAAAAAAAAAAAAAAAAAAAAAAAAAAAAAAAAAAAAAAAAAAAAAAAAAAAAAAAAAAAAAAAAAAAAAAAAAAAAAAAAAAAAAAAAAAAAAAAAAAAAAAAAAAAAAAAAAAAAAAAAAAAAAAAAAAAAAAAAAAAAAAAAAAAAAAAAAAAAAAAAAAAAAAAAAAAAAAAAAAAAAAAAAAAAAAAAAAAAAAAAAAAAAAAAAAAAAAAAAAAAAAAAAAAAAAAAAAAAAAAAAAAAAAAAAAAAAAAAAAAAAAAAAAAAAAAAAAAAAAAAAAAAAAAAAAAAAAAAAAAAAAAAAAAAAAAAAAAAAAAAAAAAAAAAAAAAAAAAAAAAAAAAAAAAAAAAAAAAAAAAAAAAAAAAAAAAAAAAAAAAAAAAAAAAAAAAAAAAAAAAAAAAAAAAAAAAAAAAAAAAAAAAAAAAAAAAAAAAAAAAAAAAAAAAAAAAAAAAAAAAAAAAAAAAAAAAAAAAAAAAAAAAAAAAAAAAAAAAAAAAAAAAAAAAAAAAAAAAAAAAAAAAAAAAAAAAAAAAAAAAAAAAAAAAAAAAAAAAAAAAAAAAAAAAAAAAAAAAAAAAAAAAAAAAAAAAAAAAAAAAAAAAAAAAAAAAAAAAAAAAAAAAAAAAAAAAAAAAAAAAAAAAAAAAAAAAAAAAAAAAAAAAAAAAAAAAAAAAAAAAAAAAAAAAAAAAAAAAAAAAAAAAAAAAAAAAAAAAAAAAAAAAAAAAAAAAAAAAAAAAAAAAAAAAAAAAAAAAAAAAAAAAAAAAAAAAAAAAAAAAAAAAAAAAAAAAAAAAAAAAAAAAAAAAAAAAAAAAAAAAAAAAAAAAAAAAAAAAAAAAAAAAAAAAAAAAAAAAAAAAAAAAAAAAAAAAAAAAAAAAAAAAAAAAAAAAAAAAAAAAAAAAAAAAAAAAAAAAAAAAAAAAAAAAAAAAAAAAAAAAAAAAAAAAAAAAAAAAAAAAAAAAAAAAAAAAAAAAAAAAAAAAAAAAAAAAAAAAAAAAAAAAAAAAAAAAAAAAAAAAAAAAAAAAAAAAAAAAAAAAAAAAAAAAAAAAAAAAAAAAAAAAAAAAAAAAAAAAAAAAAAAAAAAAAAAAAAAAAAAAAAAAAAAAAAAAAAAAAAAAAAAAAAAAAAAAAAAAAAAAAAAAAAAAAAAAAAAAAAAAAAAAAAAAAAAAAAAAAAAAAAAAAAAAAAAAAAAP7/AAAGAgIAAAAAAAAAAAAAAAAAAAAAAAEAAAAC1c3VnC4bEJOXCAArLPmuMAAAAMAAAAAIAAAAAQAAAEgAAAAXAAAAUAAAAAsAAABYAAAAEAAAAGAAAAATAAAAaAAAABYAAABwAAAADQAAAHgAAAAMAAAAmwAAAAIAAADkBAAAAwAAAAAADgALAAAAAAAAAAsAAAAAAAAACwAAAAAAAAALAAAAAAAAAB4QAAABAAAAFwAAAEp1bWxhaCBwZW5kdWR1ayBNaXNraW4ADBAAAAIAAAAeAAAACwAAAFdvcmtzaGVldHMAAwAAAAEAAAAAAAAAAAAAAAAAAAAAAAAAAAAAAAAAAAAAAAAAAAAAAAAAAAAAAAAAAAAAAAAAAAAAAAAAAAAAAAAAAAAAAAAAAAAAAAAAAAAAAAAAAAAAAAAAAAAAAAAAAAAAAAAAAAAAAAAAAAAAAAAAAAAAAAAAAAAAAAAAAAAAAAAAAAAAAAAAAAAAAAAAAAAAAAAAAAAAAAAAAAAAAAAAAAAAAAAAAAAAAAAAAAAAAAAAAAAAAAAAAAAAAAAAAAAAAAAAAAAAAAAAAAAAAAAAAAAAAAAAAAAAAAAAAAAAAAAAAAAAAAAAAAAAAAAAAAAAAAAAAAAAAAAAAAAAAAAAAAAAAAAAAAAAAAAAAAAAAAAAAAAAAAAAAAAAAAAAAAAAAAAAAAAAAAAAAAAAAAAAAAAAAAAAAAAAAAAAAAAAAAAAAAAAAAAAAAAAAAAAAAAAAAAAAAAAAAAAAAAAAAAAAAAAAAAAAAAAAAAAAAAAAAAAAAAAAAAAAAAAAAAAAAAAAAAAAAAAAAAAAAAAAAAAAAAAAAAAAAAAAAAAAAAAAAAAAAAAAAAAAAAAAAAAAAAAAAAAAAAAAAAAAAAAAAAAAAAAAAAAAAAAAAAAAAAAAAAAAAAAAAAAAAAAAAAAAAAAAAAAAAAAAAAAAAAAAAAAAAAAAAAAAAAAAAAAAAAAAAAAAAAAAAAAAAAAAAAAAAAAAAAAAAAAAAAAAAAAAAAAAAAAAAAAAAAAAAAAAAAAAAAAAAAAAAAAAAAAAAAAAAAAAAAAAAAAAAAAAAAAAAAAAAAAAAAAAAAAAAAAAAAAAAAAAAAAAAAAAAAAAAAAAAAAAAAAAAAAAAAAAAAAAAAAAAAAAAAAAAAAAAAAAAAAAAAAAAAAAAAAAAAAAAAAAAAAAAAAAAAAAAAAAAAAAAAAAAAAAAAAAAAAAAAAAAAAAAAAAAAAAAAAAAAAAAAAAAAAAAAAAAAAAAAAAAAAAAAAAAAAAAAAAAAAAAAAAAAAAAAAAAAAAAAAAAAAAAAAAAAAAAAAAAAAAAAAAAAAAAAAAAAAAAAAAAAAAAAAAAAAAAAAAAAAAAAAAAAAAAAAAAAAAAAAAAAAAAAAAAAAAAAAAAAAAAAAAAAAAAAAAAAAAAAAAAAAAAAAAAAAAAAAAAAAAAAAAAAAAAAAAAAAAAAAAAAAAAAAAAAAAAAAAAAAAAAAAAAAAAAAAAAAAAAAAAAAAAAAAAAAAAAAAAAAAAAAAAAAAAAAAAAAAAAAAAAAAAAAAAAAAAAAAAAAAAAAAAAAAAAAAAAAAAAAAAAAAAAAAAAAAAAAAAAAAAAAAAAAAAAAAAAAAAAAAAAAAAAAAAAAAAAAAAAAAAAAAAAAAAAAAAAAAAAAAAAAAAAAAAAAAAAAAAAAAAAAAAAAAAAAAAAAAAAAAAAAAAAAAAAAAAAAAAAAAAAAAAAAAAAAAAAAAAAAAAAAAAAAAAAAAAAAAAAAAAAAAAAAAAAAAAAAAAAAAAAAAAAAAAAAAAAAAAAAAAAAAAAAAAAAAAAAAAAAAAAAAAAAAAAAAAAAAAAAAAAAAAAAAAAAAAAAAAAAAAAAAAAAAAAAAAAAAAAAAAAAAAAAAAAAAAAAAAAAAAAAAAAAAAAAAAAAAAAAAAAAAAAAAAAAAAAAAAAAAAAAAAAAAAAAAAAAAAAAAAAAAAAAAAAAAAAAAAAAAAAAAAAAAAAAAAAAAAAAAAAAAAAAAAAAAAAAAAAAAAAAAAAAAAAAAAAAAAAAAAAAAAAAAAAAAAAAAAAAAAAAAAAAAAAAAAAAAAAAAAAAAAAAAAAAAAAAAAAAAAAAAAAAAAAAAAAAAAAAAAAAAAAAAAAAAAAAAAAAAAAAAAAAAAAAAAAAAAAAAAAAAAAAAAAAAAAAAAAAAAAAAAAAAAAAAAAAAAAAAAAAAAAAAAAAAAAAAAAAAAAAAAAAAAAAAAAAAAAAAAAAAAAAAAAAAAAAAAAAAAAAAAAAAAAAAAAAAAAAAAAAAAAAAAAAAAAAAAAAAAAAAAAAAAAAAAAAAAAAAAAAAAAAAAAAAAAAAAAAAAAAAAAAAAAAAAAAAAAAAAAAAAAAAAAAAAAAAAAAAAAAAAAAAAAAAAAAAAAAAAAAAAAAAAAAAAAAAAAAAAAAAAAAAAAAAAAAAAAAAAAAAAAAAAAAAAAAAAAAAAAAAAAAAAAAAAAAAAAAAAAAAAAAAAAAAAAAAAAAAAAAAAAAAAAAAAAAAAAAAAAAAAAAAAAAAAAAAAAAAAAAAAAAAAAAAAAAAAAAAAAAAAAAAAAAAAAAAAAAAAAAAAAAAAAAAAAAAAAAAAAAAAAAAAAAAAAAAAAAAAAAAAAAAAAAAAAAAAAAAAAAAAAAAAAAAAAAAAAAAAAAAAAAAAAAAAAAAAAAAAAAAAAAAAAAAAAAAAAAAAAAAAAAAAAAAAAAAAAAAAAAAAAAAAAAAAAAAAAAAAAAAAAAAAAAAAAAAAAAAAAAAAAAAAAAAAAAAAAAAAAAAAAAAAAAAAAAAAAAAAAAAAAAAAAAAAAAAAAAAAAAAAAAAAAAAAAAAAAAAAAAAAAAAAAAAAAAAAAAAAAAAAAAAAAAAAAAAAAAAAAAAAAAAAAAAAAAAAAAAAAAAAAAAAAAAAAAAAAAAAAAAAAAAAAAAAAAAAAAAAAAAAAAAAAAAAAAAAAAAAAAAAAAAAAAAAAAAAAAAAAAAAAAAAAAAAAAAAAAAAAAAAAAAAAAAAAAAAAAAAAAAAAAAAAAAAAAAAAAAAAAAAAAAAAAAAAAAAAAAAAAAAAAAAAAAAAAAAAAAAAAAAAAAAAAAAAAAAAAAAAAAAAAAAAAAAAAAAAAAAAAAAAAAAAAAAAAAAAAAAAAAAAAAAAAAAAAAAAAAAAAAAAAAAAAAAAAAAAAAAAAAAAAAAAAAAAAAAAAAAAAAAAAAAAAAAAAAAAAAAAAAAAAAAAAAAAAAAAAAAAAAAAAAAAAAAAAAAAAAAAAAAAAAAAAAAAAAAAAAAAAAAAAAAAAAAAAAAAAAAAAAAAAAAAAAAAAAAAAAAAAAAAAAAAAAAAAAAAAAAAAAAAAAAAAAAAAAAAAAAAAAAAAAAAAAAAAAAAAAAAAAAAAAAAAAAAAAAAAAAAAAAAAAAAAAAAAAAAAAAAAAAAAAAAAAAAAAAAAAAAAAAAAAAAAAAAAAAAAAAAAAAAAAAAAAAAAAAAAAAAAAAAAAAAAAAAAAAAAAAAAAAAAAAAAAAAAAAAAAAAAAAAAAAAAAAAAAAAAAAAAAAAAAAAAAAAAAAAAAAAAAAAAAAAAAAAAAAAAAAAAAAAAAAAAAAAAAAAAAAAAAAAAAAAAAAAAAAAAAAAAAAAAAAAAAAAAAAAAAAAAAAAAAAAAAAAAAAAAAAAAAAAAAAAAAAAAAAAAAAAAAAAAAAAAAAAAAAAAAAAAAAAAAAAAAAAAAAAAAAAAAAAAAAAAAAAAAAAAAAAAAAAAAAAAAAAAAAAAAAAAAAAAAAAAAAAAAAAAAAAAAAAAAAAAAAAAAAAAAAAAAAAAAAAAAAAAAAAAAAAAAAAAAAAAAAAAAAAAAAAAAAAAAAAAAAAAAAAAAAAAAAAAAAAAAAAAAAAAAAAAAAAAAAAAAAAAAAAAAAAAAAAAAAAAAAAAAAAAAAAAAAAAAAAAAAAAAAAAAAAAAAAAAAAAAAAAAAAAAAAAAAAAAAAAAAAAAAAAAAAAAAAAAAAAAAAAAAAAAAAAAAAAAAAAAAAAAAAAAAAAAAAAAAAAAAAAAAAAAAAAAAAAAAAAAAAAAAAAAAAAAAAAAAAAAAAAAAAAAAAAAAAAAAAAAAAAAAAAAAAAAAAAAAAAAAAAAAAAAAAAAAAAAAAAAAAAAAAAAAAAAAAAAAAAAAAAAAAAAAAAAAAAAAAAAAAAAAAAAAAAAAAAAAAAAAAAAAAAAAAAAAAAAAAAAAAAAAAAAAAAAAAAAAAAAAAAAAAAAAAAAAAAAAAAAAAAAAAAAAAAAAAAAAAAAAAAAAAAAAAAAAAAAAAAAAAAAAAAAAAAAAAAAAAAAAAAAAAAAAAAAAAAAAAAAAAAAAAAAAAAAAAAAAAAAAAAAAAAAAAAAAAAAAAAAAAAAAAAAAAAAAAAAAAAAAAAAAAAAAAAAAAAAAAAAAAAAAAAAAAAAAAAAAAAAAAAAAAAAAAAAAAAAAAAAAAAAAAAAAAAAAAAAAAAAAAAAAAAAAAAAAAAAAAAAAAAAAAAAAAAAAAAAAAAAAAAAAAAAAAAAAAAAAAAAAAAAAAAAAAAAAAAAAAAAAAAAAAAAAAAAAAAAAAAAAAAAAAAAAAAAAAAAAAAAAAAAAAAAAAAAAAAAAAAAAAAAAAAAAAAAAAAAAAAAAAAAAAAAAAAAAAAAAAAAAAAAAAAAAAAAAAAAAAAAAAAAAAAAAAAAAAAAAAAAAAAAAAAAAAAAAAAAAAAAAAAAAAAAAAAAAAAAAAAAAAAAAAAAAAAAAAAAAAAAAAAAAAAAAAAAAAAAAAAAAAAAAAAAAAAAAAAAAAAAAAAAAAAAAAAAAAAAAAAAAAAAAAAAAAAAAAAAAAAAAAAAAAAAAAAAAAAAAAAAAAAAAAAAAAAAAAAAAAAAAAAAAAAAAAAAAAAAAAAAAAAAAAAAAAAAAAAAAAAAAAAAAAAAAAAAAAAAAAAAAAAAAAAAAAAAAAAAAAAAAAAAAAAAAAAAAAAAAAAAAAAAAAAAAAAAAAAAAAAAAAAAAAAAAAAAAAAAAAAAAAAAAAAAAAAAAAAAAAAAAAAAAAAAAAAAAAAAAAAAAAAAAAAAAAAAAAAAAAAAAAAAAAAAAAAAAAAAAAAAAAAAAAAAAAAAAAAAAAAAAAAAAAAAAAAAAAAAAAAAAAAAAAAAAAAAAAAAAAAAAAAAAAAAAAAAAAAAAAAAAAAAAAAAAAAAAAAAAAAAAAAAAAAAAAAAAAAAAAAAAAAAAAAAAAAAAAAAAAAAAAAAAAAAAAAAAAAAAAAAAAAAAAAAAAAAAAAAAAAAAAAAAAAAAAAAAAAAAAAAAAAAAAAAAAAAAAAAAAAAAAAAAAAAAAAAAAAAAAAAAAAAAAAAAAAAAAAAAAAAAAAAAAAAAAAAAAAAAAAAAAAAAAAAAAAAAAAAAAAAAAAAAAAAAAAAAAAAAAAAAAAAAAAAAAAAAAAAAAAAAAAAAABAAAAAgAAAAMAAAAEAAAABQAAAAYAAAAHAAAACAAAAAkAAAAKAAAACwAAAAwAAAANAAAADgAAAA8AAAAQAAAAEQAAABIAAAATAAAAFAAAABUAAAAWAAAAFwAAABgAAAAZAAAAGgAAABsAAAAcAAAAHQAAAB4AAAAfAAAAIAAAACEAAAAiAAAA/v///yQAAAAlAAAAJgAAACcAAAAoAAAAKQAAACoAAAD+////LAAAAC0AAAAuAAAALwAAADAAAAAxAAAAMgAAAP7////9/////v///////////////////////////////////////////////////////////////////////////////////////////////////////////////////////////////////////////////////////////////////////////////////////////////////////////////////////////////////////////////////////////////////////////////////////////////////////////////////////////////////////////////////////////////////////////////////////////////////////////////////1IAbwBvAHQAIABFAG4AdAByAHkAAAAAAAAAAAAAAAAAAAAAAAAAAAAAAAAAAAAAAAAAAAAAAAAAAAAAAAAAAAAWAAUB//////////8CAAAAIAgCAAAAAADAAAAAAAAARgAAAAAAAAAAAAAAAAAAAAAAAAAA/v///wAAAAAAAAAAVwBvAHIAawBiAG8AbwBrAAAAAAAAAAAAAAAAAAAAAAAAAAAAAAAAAAAAAAAAAAAAAAAAAAAAAAAAAAAAAAAAABIAAgH///////////////8AAAAAAAAAAAAAAAAAAAAAAAAAAAAAAAAAAAAAAAAAAAAAAAAAAAAAdkQAAAAAAAAFAFMAdQBtAG0AYQByAHkASQBuAGYAbwByAG0AYQB0AGkAbwBuAAAAAAAAAAAAAAAAAAAAAAAAAAAAAAAAAAAAKAACAQEAAAADAAAA/////wAAAAAAAAAAAAAAAAAAAAAAAAAAAAAAAAAAAAAAAAAAAAAAACMAAAAAEAAAAAAAAAUARABvAGMAdQBtAGUAbgB0AFMAdQBtAG0AYQByAHkASQBuAGYAbwByAG0AYQB0AGkAbwBuAAAAAAAAAAAAAAA4AAIB////////////////AAAAAAAAAAAAAAAAAAAAAAAAAAAAAAAAAAAAAAAAAAAAAAAAKwAAAAAQAAAAAAAA', 'application/vnd.ms-excel', 19, '2021-11-09 09:40:00', 'wfh', 19);

-- --------------------------------------------------------

--
-- Table structure for table `log_pekerjaan_bulanan`
--

CREATE TABLE `log_pekerjaan_bulanan` (
  `RecId` int(11) NOT NULL,
  `PekerjaanBulananId` int(11) NOT NULL,
  `CreatedDate` datetime NOT NULL DEFAULT current_timestamp(),
  `CreatedBy` int(11) NOT NULL,
  `ModifiedBy` int(11) NOT NULL,
  `ModifiedDate` datetime NOT NULL DEFAULT current_timestamp()
) ENGINE=InnoDB DEFAULT CHARSET=utf8mb4;

-- --------------------------------------------------------

--
-- Table structure for table `log_pekerjaan_bulanan_pengguna`
--

CREATE TABLE `log_pekerjaan_bulanan_pengguna` (
  `RecId` int(11) NOT NULL,
  `PekerjaanPenggunaId` int(11) NOT NULL,
  `VolumeRealisasi` int(11) NOT NULL,
  `VolumePraRealisasi` int(11) NOT NULL,
  `CreatedDate` datetime NOT NULL DEFAULT current_timestamp(),
  `CreatedBy` int(11) NOT NULL,
  `ModifiedDate` datetime NOT NULL,
  `ModifiedBy` int(11) NOT NULL
) ENGINE=InnoDB DEFAULT CHARSET=utf8mb4;

--
-- Dumping data for table `log_pekerjaan_bulanan_pengguna`
--

INSERT INTO `log_pekerjaan_bulanan_pengguna` (`RecId`, `PekerjaanPenggunaId`, `VolumeRealisasi`, `VolumePraRealisasi`, `CreatedDate`, `CreatedBy`, `ModifiedDate`, `ModifiedBy`) VALUES
(0, 83, 12, 0, '2021-10-02 22:00:42', 11, '0000-00-00 00:00:00', 0),
(1, 22, 29, 0, '2021-09-08 12:18:02', 11, '0000-00-00 00:00:00', 0),
(2, 6, 29, 0, '2021-09-08 12:20:32', 11, '0000-00-00 00:00:00', 0),
(3, 45, 31, 0, '2021-09-08 12:20:37', 11, '0000-00-00 00:00:00', 0),
(4, 5, 29, 0, '2021-09-08 12:32:59', 11, '0000-00-00 00:00:00', 0),
(5, 3, 29, 0, '2021-09-08 15:18:07', 11, '0000-00-00 00:00:00', 0),
(6, 0, 74, 0, '2021-09-29 10:33:12', 15, '0000-00-00 00:00:00', 0),
(7, 1, 75, 0, '2021-09-29 10:38:49', 10, '0000-00-00 00:00:00', 0),
(8, 1, 75, 0, '2021-09-29 10:41:38', 10, '0000-00-00 00:00:00', 0),
(9, 9, 75, 0, '2021-09-29 10:42:53', 10, '0000-00-00 00:00:00', 0),
(10, 100, 75, 0, '2021-09-29 10:43:14', 10, '0000-00-00 00:00:00', 0),
(11, 75, 87, 0, '2021-09-29 10:44:07', 10, '0000-00-00 00:00:00', 0),
(12, 75, 88, 0, '2021-09-29 10:45:46', 10, '0000-00-00 00:00:00', 0),
(13, 75, 90, 88, '2021-09-29 11:24:24', 10, '0000-00-00 00:00:00', 0),
(14, 75, 123, 88, '2021-09-29 11:24:28', 10, '0000-00-00 00:00:00', 0),
(15, 75, 1, 123, '2021-09-29 11:25:35', 10, '0000-00-00 00:00:00', 0),
(16, 75, 123, 123, '2021-09-29 11:25:56', 10, '0000-00-00 00:00:00', 0),
(17, 75, 1, 123, '2021-09-29 12:58:32', 10, '0000-00-00 00:00:00', 0),
(18, 75, 4, 123, '2021-09-29 12:58:45', 10, '0000-00-00 00:00:00', 0),
(19, 75, 9, 4, '2021-09-29 12:59:39', 10, '0000-00-00 00:00:00', 0),
(20, 78, 1, 0, '2021-09-29 13:09:06', 10, '0000-00-00 00:00:00', 0),
(21, 78, 2, 1, '2021-09-29 13:09:49', 10, '0000-00-00 00:00:00', 0),
(22, 78, 4, 2, '2021-09-29 13:11:06', 10, '0000-00-00 00:00:00', 0),
(23, 78, 5, 4, '2021-09-29 13:11:55', 10, '0000-00-00 00:00:00', 0),
(24, 78, 6, 5, '2021-09-29 13:12:08', 10, '0000-00-00 00:00:00', 0),
(25, 78, 2, 5, '2021-09-29 13:12:47', 10, '0000-00-00 00:00:00', 0),
(26, 79, 1, 0, '2021-09-29 13:25:32', 10, '0000-00-00 00:00:00', 0),
(27, 77, 12, 0, '2021-09-29 13:25:35', 10, '0000-00-00 00:00:00', 0),
(28, 75, 1, 9, '2021-09-29 13:25:38', 10, '0000-00-00 00:00:00', 0),
(29, 78, 11, 2, '2021-09-29 13:25:41', 10, '0000-00-00 00:00:00', 0),
(30, 77, 5, 12, '2021-09-29 14:08:46', 10, '0000-00-00 00:00:00', 0),
(31, 78, 8, 11, '2021-09-29 14:08:52', 10, '0000-00-00 00:00:00', 0),
(32, 73, 1, 0, '2021-09-29 14:47:17', 11, '0000-00-00 00:00:00', 0),
(33, 74, 1, 0, '2021-09-29 14:48:03', 15, '0000-00-00 00:00:00', 0),
(34, 80, 1, 0, '2021-09-29 14:49:13', 12, '0000-00-00 00:00:00', 0),
(35, 82, 15, 0, '2021-09-29 14:49:21', 12, '0000-00-00 00:00:00', 0),
(36, 76, 1, 0, '2021-09-29 15:09:13', 12, '0000-00-00 00:00:00', 0);

-- --------------------------------------------------------

--
-- Table structure for table `opsi_login`
--

CREATE TABLE `opsi_login` (
  `RecId` int(11) NOT NULL,
  `OpsiLogin` varchar(100) NOT NULL
) ENGINE=InnoDB DEFAULT CHARSET=utf8mb4;

--
-- Dumping data for table `opsi_login`
--

INSERT INTO `opsi_login` (`RecId`, `OpsiLogin`) VALUES
(0, 'Jatengklik'),
(1, 'BPS'),
(2, 'Google'),
(3, 'Jatengklik');

-- --------------------------------------------------------

--
-- Table structure for table `organisasi`
--

CREATE TABLE `organisasi` (
  `RecId` int(11) NOT NULL,
  `FlagOrg` int(11) NOT NULL,
  `KdOrg` varchar(100) NOT NULL,
  `Nama` varchar(100) NOT NULL,
  `Eselon` int(11) NOT NULL,
  `Cakupan` varchar(100) NOT NULL,
  `IsAktif` enum('0','1','','') NOT NULL DEFAULT '0'
) ENGINE=InnoDB DEFAULT CHARSET=utf8mb4;

--
-- Dumping data for table `organisasi`
--

INSERT INTO `organisasi` (`RecId`, `FlagOrg`, `KdOrg`, `Nama`, `Eselon`, `Cakupan`, `IsAktif`) VALUES
(1, 1, '33400', 'Subdirektorat Pengelolaan Teknologi Informasi', 3, 'Pusat', '0'),
(2, 1, '10000', 'Kepala Badan Pusat Statistik', 1, 'Pusat', '0'),
(3, 1, '20000', 'Sekretaris Utama', 1, 'Pusat', '0'),
(4, 1, '21000', 'Biro Bina Program', 2, 'Pusat', '0'),
(5, 1, '21100', 'Bagian Penyusunan Rencana', 3, 'Pusat', '0'),
(6, 1, '21110', 'Subbagian Rencana Kegiatan Teknis Statistik', 4, 'Pusat', '0'),
(7, 1, '21120', 'Subbagian Rencana Kegiatan Non Teknis Statistik', 4, 'Pusat', '0'),
(8, 1, '21130', 'Subbagian Keterpaduan Rencana', 4, 'Pusat', '0'),
(9, 1, '21200', 'Bagian Penyusunan Anggaran', 3, 'Pusat', '0'),
(10, 1, '21210', 'Subbagian Penyusunan Anggaran I', 4, 'Pusat', '0'),
(11, 1, '21220', 'Subbagian Penyusunan Anggaran II', 4, 'Pusat', '0'),
(12, 1, '21230', 'Subbagian Keterpaduan Anggaran', 4, 'Pusat', '0'),
(13, 1, '21300', 'Bagian Monitoring dan Evaluasi', 3, 'Pusat', '0'),
(14, 1, '21310', 'Subbagian Penyusunan Akuntabilitas', 4, 'Pusat', '0'),
(15, 1, '21320', 'Subbagian Monitoring Program', 4, 'Pusat', '0'),
(16, 1, '21330', 'Subbagian Evaluasi dan Pelaporan Program', 4, 'Pusat', '0'),
(17, 1, '21400', 'Bagian Transformasi Statistik', 3, 'Pusat', '0'),
(18, 1, '21410', 'Subbagian Transformasi Proses Bisnis', 4, 'Pusat', '0'),
(19, 1, '21420', 'Subbagian Manajemen Perubahan', 4, 'Pusat', '0'),
(20, 1, '21430', 'Subbagian Keterpaduan Transformasi', 4, 'Pusat', '0'),
(21, 1, '22000', 'Biro Keuangan', 2, 'Pusat', '0'),
(22, 1, '22100', 'Bagian Administrasi Keuangan', 3, 'Pusat', '0'),
(23, 1, '22110', 'Subbagian Tata Usaha Keuangan', 4, 'Pusat', '0'),
(24, 1, '22120', 'Subbagian Pembuatan Daftar Gaji', 4, 'Pusat', '0'),
(25, 1, '22130', 'Subbagian Tuntutan Perbendaharaan dan Ganti Rugi', 4, 'Pusat', '0'),
(26, 1, '22200', 'Bagian Perbendaharaan', 3, 'Pusat', '0'),
(27, 1, '22210', 'Subbagian Perbendaharaan I', 4, 'Pusat', '0'),
(28, 1, '22220', 'Subbagian Perbendaharaan II', 4, 'Pusat', '0'),
(29, 1, '22230', 'Subbagian Pelaporan Perbendaharaan', 4, 'Pusat', '0'),
(30, 1, '22300', 'Bagian Verifikasi', 3, 'Pusat', '0'),
(31, 1, '22310', 'Subbagian Verifikasi Anggaran', 4, 'Pusat', '0'),
(32, 1, '22320', 'Subbagian Monitoring Anggaran', 4, 'Pusat', '0'),
(33, 1, '22400', 'Bagian Akuntansi', 3, 'Pusat', '0'),
(34, 1, '22410', 'Subbagian Penyiapan Laporan Keuangan', 4, 'Pusat', '0'),
(35, 1, '22420', 'Subbagian Evaluasi dan Pelaporan Keuangan', 4, 'Pusat', '0'),
(36, 1, '23000', 'Biro Kepegawaian', 2, 'Pusat', '0'),
(37, 1, '23100', 'Bagian Administrasi Kepegawaian', 3, 'Pusat', '0'),
(38, 1, '23110', 'Subbagian Tata Usaha Kepegawaian', 4, 'Pusat', '0'),
(39, 1, '23120', 'Subbagian Perencanaan dan Informasi Kepegawaian', 4, 'Pusat', '0'),
(40, 1, '23200', 'Bagian Mutasi Pegawai', 3, 'Pusat', '0'),
(41, 1, '23210', 'Subbagian Mutasi Pegawai I', 4, 'Pusat', '0'),
(42, 1, '23220', 'Subbagian Mutasi Pegawai II', 4, 'Pusat', '0'),
(43, 1, '23230', 'Subbagian Mutasi Pegawai III', 4, 'Pusat', '0'),
(44, 1, '23300', 'Bagian Kesejahteraan dan Pengembangan Pegawai', 3, 'Pusat', '0'),
(45, 1, '23310', 'Subbagian Kesejahteraan dan Disiplin Pegawai', 4, 'Pusat', '0'),
(46, 1, '23320', 'Subbagian Pengembangan Pegawai', 4, 'Pusat', '0'),
(47, 1, '23400', 'Bagian Jabatan Fungsional', 3, 'Pusat', '0'),
(48, 1, '23410', 'Subbagian Tata Administrasi Jabatan Fungsional', 4, 'Pusat', '0'),
(49, 1, '23420', 'Subbagian Penilaian dan Pengembangan Jabatan Fungsional', 4, 'Pusat', '0'),
(50, 1, '23500', 'Sekretariat Korpri', 0, 'Pusat', '0'),
(51, 1, '23600', 'Diperbantukan/Dipekerjakan', 0, 'Pusat', '0'),
(52, 1, '23700', 'Belum Penempatan', 0, 'Pusat', '0'),
(53, 1, '24000', 'Biro Hubungan Masyarakat dan Hukum', 2, 'Pusat', '0'),
(54, 1, '24100', 'Bagian Kerja Sama, Protokol, dan Penyiapan Materi Pimpinan', 3, 'Pusat', '0'),
(55, 1, '24110', 'Subbagian Kerjasama dan Hubungan Kelembagaan', 4, 'Pusat', '0'),
(56, 1, '24120', 'Subbagian Protokol dan Persidangan', 4, 'Pusat', '0'),
(57, 1, '24130', 'Subbagian Penyiapan Materi Pimpinan', 4, 'Pusat', '0'),
(58, 1, '24200', 'Bagian Hubungan Masyarakat', 3, 'Pusat', '0'),
(59, 1, '24210', 'Subbagian Hubungan Media Massa', 4, 'Pusat', '0'),
(60, 1, '24220', 'Subbagian Sosialisasi Kegiatan Statistik', 4, 'Pusat', '0'),
(61, 1, '24230', 'Subbagian Pengelolaan Opini Publik', 4, 'Pusat', '0'),
(62, 1, '24300', 'Bagian Hukum dan Organisasi', 3, 'Pusat', '0'),
(63, 1, '24310', 'Subbagian Pertimbangan dan Dokumentasi Hukum', 4, 'Pusat', '0'),
(64, 1, '24320', 'Subbagian Bantuan dan Penyuluhan Hukum', 4, 'Pusat', '0'),
(65, 1, '24330', 'Subbagian Organisasi dan Tatalaksana', 4, 'Pusat', '0'),
(66, 1, '25000', 'Biro Umum', 2, 'Pusat', '0'),
(67, 1, '25100', 'Bagian Rumah Tangga', 3, 'Pusat', '0'),
(68, 1, '25110', 'Subbagian Urusan Dalam dan Pemeliharaan Kantor', 4, 'Pusat', '0'),
(69, 1, '25120', 'Subbagian Pemeliharaan Perlengkapan', 4, 'Pusat', '0'),
(70, 1, '25130', 'Subbagian Keamanan dan Ketertiban', 4, 'Pusat', '0'),
(71, 1, '25200', 'Bagian Inventarisasi, Penyimpanan, dan Penghapusan', 3, 'Pusat', '0'),
(72, 1, '25210', 'Subbagian Inventarisasi', 4, 'Pusat', '0'),
(73, 1, '25220', 'Subbagian Penyimpanan', 4, 'Pusat', '0'),
(74, 1, '25230', 'Subbagian Penghapusan', 4, 'Pusat', '0'),
(75, 1, '25300', 'Bagian Pengadaan Barang / Jasa', 3, 'Pusat', '0'),
(76, 1, '25310', 'Subbagian Layanan Pengadaan', 4, 'Pusat', '0'),
(77, 1, '25320', 'Subbagian Pemantauan dan Evaluasi Pengadaan', 4, 'Pusat', '0'),
(78, 1, '25400', 'Bagian Pencetakan, Arsip, dan Ekspedisi', 3, 'Pusat', '0'),
(79, 1, '25410', 'Subbagian Pencetakan dan Penjilidan', 4, 'Pusat', '0'),
(80, 1, '25420', 'Subbagian Arsip dan Ekspedisi', 4, 'Pusat', '0'),
(81, 1, '25500', 'Belum Penempatan', 0, 'Pusat', '0'),
(82, 1, '26000', 'Pusat Pendidikan dan Pelatihan', 2, 'Pusdiklat', '0'),
(83, 1, '26100', 'Bagian Tata Usaha', 3, 'Pusdiklat', '0'),
(84, 1, '26110', 'Subbagian Tata Usaha Umum', 4, 'Pusdiklat', '0'),
(85, 1, '26120', 'Subbagian Rumah Tangga', 4, 'Pusdiklat', '0'),
(86, 1, '26200', 'Bidang Pendidikan dan Pelatihan Prajabatan dan Kepemimpinan', 3, 'Pusdiklat', '0'),
(87, 1, '26210', 'Subbidang Program dan Evaluasi Pendidikan dan Pelatihan Prajabatan dan Kepemimpinan', 4, 'Pusdiklat', '0'),
(88, 1, '26220', 'Subbidang Penyelenggaraan Pendidikan dan Pelatihan Prajabatan dan Kepemimpinan', 4, 'Pusdiklat', '0'),
(89, 1, '26300', 'Bidang Pendidikan dan Pelatihan Teknis dan Fungsional', 3, 'Pusdiklat', '0'),
(90, 1, '26310', 'Subbidang Program dan Evaluasi Pendidikan dan Pelatihan Teknis dan Fungsional', 4, 'Pusdiklat', '0'),
(91, 1, '26320', 'Subbidang Penyelenggara Pendidikan dan Pelatihan Teknis dan Fungsional', 4, 'Pusdiklat', '0'),
(92, 1, '26400', 'Pejabat Fungsional', 0, 'Pusdiklat', '0'),
(93, 1, '27000', 'Sekolah Tinggi Ilmu Statistik', 2, 'STIS', '0'),
(94, 1, '27100', 'Bagian Administrasi Akademik dan Kemahasiswaan', 3, 'STIS', '0'),
(95, 1, '27110', 'Subbagian Administrasi Akademik dan Kerjasama', 4, 'STIS', '0'),
(96, 1, '27120', 'Subbagian Administrasi Kemahasiswaan', 4, 'STIS', '0'),
(97, 1, '27200', 'Bagian Administrasi Umum', 3, 'STIS', '0'),
(98, 1, '27210', 'Subbagian Kepegawaian', 4, 'STIS', '0'),
(99, 1, '27220', 'Subbagian Keuangan', 4, 'STIS', '0'),
(100, 1, '27230', 'Subbagian Tata Usaha dan Rumah Tangga', 4, 'STIS', '0'),
(101, 1, '27300', 'Pejabat Fungsional STIS', 0, 'STIS', '0'),
(102, 1, '30000', 'Deputi Bidang Metodologi dan Informasi Statistik', 1, 'Pusat', '0'),
(103, 1, '31000', 'Direktorat Pengembangan Metodologi Sensus dan Survei', 2, 'Pusat', '0'),
(104, 1, '31100', 'Subdirektorat Pengembangan Desain Sensus dan Survei', 3, 'Pusat', '0'),
(105, 1, '31110', 'Seksi Pengembangan Desain Sensus dan Survei Bidang Statistik Sosial', 4, 'Pusat', '0'),
(106, 1, '31120', 'Seksi Pengembangan Desain Sensus dan Survei Bidang Statistik Produksi', 4, 'Pusat', '0'),
(107, 1, '31130', 'Seksi Pengembangan Desain Sensus dan Survei Bidang Statistik Distribusi dan Jasa', 4, 'Pusat', '0'),
(108, 1, '31200', 'Subdirektorat Pengembangan Standardisasi dan Klasifikasi Statistik', 3, 'Pusat', '0'),
(109, 1, '31210', 'Seksi Pengembangan Standardisasi Statistik', 4, 'Pusat', '0'),
(110, 1, '31220', 'Seksi Pengembangan Klasifikasi Statistik', 4, 'Pusat', '0'),
(111, 1, '31300', 'Subdirektorat Pengembangan Kerangka Sampel', 3, 'Pusat', '0'),
(112, 1, '31310', 'Seksi Pengembangan Kerangka Sampel Survei Bidang Statistik Sosial', 4, 'Pusat', '0'),
(113, 1, '31320', 'Seksi Pengembangan Kerangka Sampel Survei Bidang Statistik Produksi', 4, 'Pusat', '0'),
(114, 1, '31330', 'Seksi Pengembangan Kerangka Sampel Survei Bidang Statistik Distribusi dan Jasa', 4, 'Pusat', '0'),
(115, 1, '31400', 'Subdirektorat Pengembangan Pemetaan Statistik', 3, 'Pusat', '0'),
(116, 1, '31410', 'Seksi Pengembangan Peta Wilayah', 4, 'Pusat', '0'),
(117, 1, '31420', 'Seksi Pengembangan Muatan Peta Wilayah', 4, 'Pusat', '0'),
(118, 1, '31430', 'Seksi Pengembangan Peta Statistik Wilayah Kecil', 4, 'Pusat', '0'),
(119, 1, '32000', 'Direktorat Diseminasi Statistik', 2, 'Pusat', '0'),
(120, 1, '32100', 'Subdirektorat Rujukan Statistik', 3, 'Pusat', '0'),
(121, 1, '32110', 'Seksi Inventarisasi Kegiatan dan Produk Statistik', 4, 'Pusat', '0'),
(122, 1, '32120', 'Seksi Pengelolaan Sistem Informasi Rujukan Statistik', 4, 'Pusat', '0'),
(123, 1, '32130', 'Seksi Rekomendasi Kegiatan Statistik', 4, 'Pusat', '0'),
(124, 1, '32200', 'Subdirektorat Publikasi dan Kompilasi Statistik', 3, 'Pusat', '0'),
(125, 1, '32210', 'Seksi Pembakuan dan Perwajahan Publikasi', 4, 'Pusat', '0'),
(126, 1, '32220', 'Seksi Pemantauan dan Evaluasi Publikasi', 4, 'Pusat', '0'),
(127, 1, '32230', 'Seksi Kompilasi Laporan Statistik', 4, 'Pusat', '0'),
(128, 1, '32300', 'Subdirektorat Layanan dan Promosi Statistik', 3, 'Pusat', '0'),
(129, 1, '32310', 'Seksi Pengemasan Informasi Statistik', 4, 'Pusat', '0'),
(130, 1, '32320', 'Seksi Konsultasi Statistik', 4, 'Pusat', '0'),
(131, 1, '32330', 'Seksi Promosi Statistik', 4, 'Pusat', '0'),
(132, 1, '32400', 'Subdirektorat Perpustakaan dan Dokumentasi Statistik', 3, 'Pusat', '0'),
(133, 1, '32410', 'Seksi Pengelolaan Perpustakaan', 4, 'Pusat', '0'),
(134, 1, '32420', 'Seksi Jasa Perpustakaan', 4, 'Pusat', '0'),
(135, 1, '32430', 'Seksi Dokumentasi Statistik', 4, 'Pusat', '0'),
(136, 1, '33000', 'Direktorat Sistem Informasi Statistik', 2, 'Pusat', '0'),
(137, 1, '33100', 'Subdirektorat Integrasi Pengolahan Data', 3, 'Pusat', '0'),
(138, 1, '33110', 'Seksi Integrasi Pengolahan Data Statistik Sosial', 4, 'Pusat', '0'),
(139, 1, '33120', 'Seksi Integrasi Pengolahan Data Statistik Produksi', 4, 'Pusat', '0'),
(140, 1, '33130', 'Seksi Integrasi Pengolahan Data Statistik Distribusi dan Jasa', 4, 'Pusat', '0'),
(141, 1, '33200', 'Subdirektorat Jaringan Komunikasi Data', 3, 'Pusat', '0'),
(142, 1, '33210', 'Seksi Layanan Jaringan Komunikasi Data', 4, 'Pusat', '0'),
(143, 1, '33220', 'Seksi Pemeliharaan Jaringan Komunikasi Data', 4, 'Pusat', '0'),
(144, 1, '33230', 'Seksi Pengembangan Jaringan Komunikasi Data', 4, 'Pusat', '0'),
(145, 1, '33300', 'Subdirektorat Pengembangan Basis Data', 3, 'Pusat', '0'),
(146, 1, '33310', 'Seksi Pengembangan Basis Data Statistik', 4, 'Pusat', '0'),
(147, 1, '33320', 'Seksi Pengembangan Sistem Integrasi Statistik', 4, 'Pusat', '0'),
(148, 1, '33330', 'Seksi Pengembangan Basis Data Manajemen', 4, 'Pusat', '0'),
(150, 1, '33410', 'Seksi Pengelolaan Perangkat Keras', 4, 'Pusat', '0'),
(151, 1, '33420', 'Seksi Pengelolaan Data dan Perangkat Lunak', 4, 'Pusat', '0'),
(152, 1, '33430', 'Seksi Perekaman Data', 4, 'Pusat', '0'),
(153, 1, '40000', 'Deputi Bidang Statistik Sosial', 1, 'Pusat', '0'),
(154, 1, '41000', 'Direktorat Statistik Kependudukan dan Ketenagakerjaan', 2, 'Pusat', '0'),
(155, 1, '41100', 'Subdirektorat Statistik Demografi', 3, 'Pusat', '0'),
(156, 1, '41110', 'Seksi Penyiapan Statistik Demografi', 4, 'Pusat', '0'),
(157, 1, '41120', 'Seksi Pengolahan Statistik Demografi', 4, 'Pusat', '0'),
(158, 1, '41130', 'Seksi Evaluasi dan Pelaporan Statistik Demografi', 4, 'Pusat', '0'),
(159, 1, '41200', 'Subdirektorat Statistik Ketenagakerjaan', 3, 'Pusat', '0'),
(160, 1, '41210', 'Seksi Penyiapan Statistik Ketenagakerjaan', 4, 'Pusat', '0'),
(161, 1, '41220', 'Seksi Pengolahan Statistik Ketenagakerjaan', 4, 'Pusat', '0'),
(162, 1, '41230', 'Seksi Evaluasi dan Pelaporan Statistik Ketenagakerjaan', 4, 'Pusat', '0'),
(163, 1, '41300', 'Subdirektorat Statistik Upah dan Pendapatan', 3, 'Pusat', '0'),
(164, 1, '41310', 'Seksi Statistik Upah', 4, 'Pusat', '0'),
(165, 1, '41320', 'Seksi Statistik Pendapatan', 4, 'Pusat', '0'),
(166, 1, '41400', 'Subdirektorat Statistik Mobilitas Penduduk dan Tenaga Kerja', 3, 'Pusat', '0'),
(167, 1, '41410', 'Seksi Statistik Mobilitas Penduduk', 4, 'Pusat', '0'),
(168, 1, '41420', 'Seksi Statistik Mobilitas Tenaga Kerja', 4, 'Pusat', '0'),
(169, 1, '42000', 'Direktorat Statistik Kesejahteraan Rakyat', 2, 'Pusat', '0'),
(170, 1, '42100', 'Subdirektorat Statistik Rumah Tangga', 3, 'Pusat', '0'),
(171, 1, '42110', 'Seksi Penyiapan Statistik Rumah Tangga', 4, 'Pusat', '0'),
(172, 1, '42120', 'Seksi Pengolahan Statistik Rumah Tangga', 4, 'Pusat', '0'),
(173, 1, '42130', 'Seksi Evaluasi dan Pelaporan Statistik Rumah Tangga', 4, 'Pusat', '0'),
(174, 1, '42200', 'Subdirektorat Statistik Pendidikan dan Kesejahteraan Sosial', 3, 'Pusat', '0'),
(175, 1, '42210', 'Seksi Penyiapan Statistik Pendidikan dan Kesejahteraan Sosial', 4, 'Pusat', '0'),
(176, 1, '42220', 'Seksi Pengolahan Statistik Pendidikan dan Kesejahteraan Sosial', 4, 'Pusat', '0'),
(177, 1, '42230', 'Seksi Evaluasi dan Pelaporan Statistik Pendidikan dan Kesejahteraan Sosial', 4, 'Pusat', '0'),
(178, 1, '42300', 'Subdirektorat Statistik Kesehatan dan Perumahan', 3, 'Pusat', '0'),
(179, 1, '42310', 'Seksi Penyiapan Statistik Kesehatan dan Perumahan', 4, 'Pusat', '0'),
(180, 1, '42320', 'Seksi Pengolahan Statistik Kesehatan dan Perumahan', 4, 'Pusat', '0'),
(181, 1, '42330', 'Seksi Evaluasi dan Pelaporan Statistik Kesehatan dan Perumahan', 4, 'Pusat', '0'),
(182, 1, '43000', 'Direktorat Statistik Ketahanan Sosial', 2, 'Pusat', '0'),
(183, 1, '43100', 'Subdirektorat Statistik Ketahanan Wilayah', 3, 'Pusat', '0'),
(184, 1, '43110', 'Seksi Penyiapan Statistik Ketahanan Wilayah', 4, 'Pusat', '0'),
(185, 1, '43120', 'Seksi Pengolahan Statistik Ketahanan Wilayah', 4, 'Pusat', '0'),
(186, 1, '43130', 'Seksi Evaluasi dan Pelaporan Statistik Ketahanan Wilayah', 4, 'Pusat', '0'),
(187, 1, '43200', 'Subdirektorat Statistik Lingkungan Hidup', 3, 'Pusat', '0'),
(188, 1, '43210', 'Seksi Statistik Lingkungan Hidup Binaan', 4, 'Pusat', '0'),
(189, 1, '43220', 'Seksi Statistik Lingkungan Hidup Sosial', 4, 'Pusat', '0'),
(190, 1, '43300', 'Subdirektorat Statistik Politik dan Keamanan', 3, 'Pusat', '0'),
(191, 1, '43310', 'Seksi Statistik Politik', 4, 'Pusat', '0'),
(192, 1, '43320', 'Seksi Statistik Keamanan', 4, 'Pusat', '0'),
(193, 1, '43400', 'Subdirektorat Statistik Kerawanan Sosial', 3, 'Pusat', '0'),
(194, 1, '43410', 'Seksi Statistik Kemiskinan', 4, 'Pusat', '0'),
(195, 1, '43420', 'Seksi Statistik Kerawanan Sosial Baru', 4, 'Pusat', '0'),
(196, 1, '50000', 'Deputi Bidang Statistik Produksi', 1, 'Pusat', '0'),
(197, 1, '51000', 'Direktorat Statistik Tanaman Pangan, Hortikultura, dan Perkebunan', 2, 'Pusat', '0'),
(198, 1, '51100', 'Subdirektorat Statistik Tanaman Pangan', 3, 'Pusat', '0'),
(199, 1, '51110', 'Seksi Penyiapan Statistik Tanaman Pangan', 4, 'Pusat', '0'),
(200, 1, '51120', 'Seksi Pengolahan Statistik Tanaman Pangan', 4, 'Pusat', '0'),
(201, 1, '51130', 'Seksi Evaluasi dan Pelaporan Statistik Tanaman Pangan', 4, 'Pusat', '0'),
(202, 1, '51200', 'Subdirektorat Statistik Hortikultura', 3, 'Pusat', '0'),
(203, 1, '51210', 'Seksi Penyiapan Statistik Hortikultura', 4, 'Pusat', '0'),
(204, 1, '51220', 'Seksi Pengolahan Statistik Hortikultura', 4, 'Pusat', '0'),
(205, 1, '51230', 'Seksi Evaluasi dan Pelaporan Statistik Hortikultura', 4, 'Pusat', '0'),
(206, 1, '51300', 'Subdirektorat Statistik Tanaman Perkebunan', 3, 'Pusat', '0'),
(207, 1, '51310', 'Seksi Penyiapan Statistik Tanaman Perkebunan', 4, 'Pusat', '0'),
(208, 1, '51320', 'Seksi Pengolahan Statistik Tanaman Perkebunan', 4, 'Pusat', '0'),
(209, 1, '51330', 'Seksi Evaluasi dan Pelaporan Statistik Tanaman Perkebunan', 4, 'Pusat', '0'),
(210, 1, '52000', 'Direktorat Statistik Peternakan, Perikanan, dan Kehutanan', 2, 'Pusat', '0'),
(211, 1, '52100', 'Subdirektorat Statistik Peternakan', 3, 'Pusat', '0'),
(212, 1, '52110', 'Seksi Penyiapan Statistik Peternakan', 4, 'Pusat', '0'),
(213, 1, '52120', 'Seksi Pengolahan Statistik Peternakan', 4, 'Pusat', '0'),
(214, 1, '52130', 'Seksi Evaluasi dan Pelaporan Statistik Peternakan', 4, 'Pusat', '0'),
(215, 1, '52200', 'Subdirektorat Statistik Perikanan', 3, 'Pusat', '0'),
(216, 1, '52210', 'Seksi Penyiapan Statistik Perikanan', 4, 'Pusat', '0'),
(217, 1, '52220', 'Seksi Pengolahan Statistik Perikanan', 4, 'Pusat', '0'),
(218, 1, '52230', 'Seksi Evaluasi dan Pelaporan Statistik Perikanan', 4, 'Pusat', '0'),
(219, 1, '52300', 'Subdirektorat Statistik Kehutanan', 3, 'Pusat', '0'),
(220, 1, '52310', 'Seksi Penyiapan Statistik Kehutanan', 4, 'Pusat', '0'),
(221, 1, '52320', 'Seksi Pengolahan Statistik Kehutanan', 4, 'Pusat', '0'),
(222, 1, '52330', 'Seksi Evaluasi dan Pelaporan Statistik Kehutanan', 4, 'Pusat', '0'),
(223, 1, '53000', 'Direktorat Statistik Industri', 2, 'Pusat', '0'),
(224, 1, '53100', 'Subdirektorat Statistik Industri Besar dan Sedang', 3, 'Pusat', '0'),
(225, 1, '53110', 'Seksi Penyiapan Statistik Industri Besar dan Sedang', 4, 'Pusat', '0'),
(226, 1, '53120', 'Seksi Pengolahan Statistik Industri Besar dan Sedang', 4, 'Pusat', '0'),
(227, 1, '53130', 'Seksi Evaluasi dan Pelaporan Statistik Industri Besar dan Sedang', 4, 'Pusat', '0'),
(228, 1, '53200', 'Subdirektorat Statistik Industri Kecil dan Rumah Tangga', 3, 'Pusat', '0'),
(229, 1, '53210', 'Seksi Penyiapan Statistik Industri Kecil dan Rumah Tangga', 4, 'Pusat', '0'),
(230, 1, '53220', 'Seksi Pengolahan Statistik Industri Kecil dan Rumah Tangga', 4, 'Pusat', '0'),
(231, 1, '53230', 'Seksi Evaluasi dan Pelaporan Statistik Industri Kecil dan Rumah Tangga', 4, 'Pusat', '0'),
(232, 1, '53300', 'Subdirektorat Statistik Pertambangan dan Energi', 3, 'Pusat', '0'),
(233, 1, '53310', 'Seksi Penyiapan Statistik Pertambangan dan Energi', 4, 'Pusat', '0'),
(234, 1, '53320', 'Seksi Pengolahan Statistik Pertambangan dan Energi', 4, 'Pusat', '0'),
(235, 1, '53330', 'Seksi Evaluasi dan Pelaporan Statistik Pertambangan dan Energi', 4, 'Pusat', '0'),
(236, 1, '53400', 'Subdirektorat Statistik Konstruksi', 3, 'Pusat', '0'),
(237, 1, '53410', 'Seksi Penyiapan Statistik Konstruksi', 4, 'Pusat', '0'),
(238, 1, '53420', 'Seksi Pengolahan Statistik Konstruksi', 4, 'Pusat', '0'),
(239, 1, '53430', 'Seksi Evaluasi dan Pelaporan Statistik Konstruksi', 4, 'Pusat', '0'),
(240, 1, '60000', 'Deputi Bidang Statistik Distribusi dan Jasa', 1, 'Pusat', '0'),
(241, 1, '61000', 'Direktorat Statistik Distribusi', 2, 'Pusat', '0'),
(242, 1, '61100', 'Subdirektorat Statistik Ekspor', 3, 'Pusat', '0'),
(243, 1, '61110', 'Seksi Penyiapan Statistik Ekspor', 4, 'Pusat', '0'),
(244, 1, '61120', 'Seksi Pengolahan Statistik Ekspor', 4, 'Pusat', '0'),
(245, 1, '61130', 'Seksi Evaluasi dan Pelaporan Statistik Ekspor', 4, 'Pusat', '0'),
(246, 1, '61200', 'Subdirektorat Statistik Impor', 3, 'Pusat', '0'),
(247, 1, '61210', 'Seksi Penyiapan Statistik Impor', 4, 'Pusat', '0'),
(248, 1, '61220', 'Seksi Pengolahan Statistik Impor', 4, 'Pusat', '0'),
(249, 1, '61230', 'Seksi Evaluasi dan Pelaporan Statistik Impor', 4, 'Pusat', '0'),
(250, 1, '61300', 'Subdirektorat Statistik Perdagangan Dalam Negeri', 3, 'Pusat', '0'),
(251, 1, '61310', 'Seksi Penyiapan Statistik Perdagangan Dalam Negeri', 4, 'Pusat', '0'),
(252, 1, '61320', 'Seksi Pengolahan Statistik Perdagangan Dalam Negeri', 4, 'Pusat', '0'),
(253, 1, '61330', 'Seksi Evaluasi dan Pelaporan Statistik Perdagangan Dalam Negeri', 4, 'Pusat', '0'),
(254, 1, '61400', 'Subdirektorat Statistik Transportasi', 3, 'Pusat', '0'),
(255, 1, '61410', 'Seksi Penyiapan Statistik Transportasi', 4, 'Pusat', '0'),
(256, 1, '61420', 'Seksi Pengolahan Statistik Transportasi', 4, 'Pusat', '0'),
(257, 1, '61430', 'Seksi Evaluasi dan Pelaporan Statistik Transportasi', 4, 'Pusat', '0'),
(258, 1, '62000', 'Direktorat Statistik Harga', 2, 'Pusat', '0'),
(259, 1, '62100', 'Subdirektorat Statistik Harga Produsen', 3, 'Pusat', '0'),
(260, 1, '62110', 'Seksi Penyiapan Statistik Harga Produsen', 4, 'Pusat', '0'),
(261, 1, '62120', 'Seksi Pengolahan Statistik Harga Produsen', 4, 'Pusat', '0'),
(262, 1, '62130', 'Seksi Evaluasi dan Pelaporan Statistik Harga Produsen', 4, 'Pusat', '0'),
(263, 1, '62200', 'Subdirektorat Statistik Harga Perdagangan Besar', 3, 'Pusat', '0'),
(264, 1, '62210', 'Seksi Penyiapan Statistik Harga Perdagangan Besar', 4, 'Pusat', '0'),
(265, 1, '62220', 'Seksi Pengolahan Statistik Harga Perdagangan Besar', 4, 'Pusat', '0'),
(266, 1, '62230', 'Seksi Evaluasi dan Pelaporan Statistik Harga Perdagangan Besar', 4, 'Pusat', '0'),
(267, 1, '62300', 'Subdirektorat Statistik Harga Konsumen', 3, 'Pusat', '0'),
(268, 1, '62310', 'Seksi Penyiapan Statistik Harga Konsumen', 4, 'Pusat', '0'),
(269, 1, '62320', 'Seksi Pengolahan Statistik Harga Konsumen', 4, 'Pusat', '0'),
(270, 1, '62330', 'Seksi Evaluasi dan Pelaporan Statistik Harga Konsumen', 4, 'Pusat', '0'),
(271, 1, '62400', 'Subdirektorat Statistik Harga Pedesaan', 3, 'Pusat', '0'),
(272, 1, '62410', 'Seksi Penyiapan Statistik Harga Pedesaan', 4, 'Pusat', '0'),
(273, 1, '62420', 'Seksi Pengolahan Statistik Harga Pedesaan', 4, 'Pusat', '0'),
(274, 1, '62430', 'Seksi Evaluasi dan Pelaporan Statistik Harga Pedesaan', 4, 'Pusat', '0'),
(275, 1, '63000', 'Direktorat Statistik Keuangan, Teknologi Informasi, dan Pariwisata', 2, 'Pusat', '0'),
(276, 1, '63100', 'Subdirektorat Statistik Keuangan', 3, 'Pusat', '0'),
(277, 1, '63110', 'Seksi Statistik Keuangan Pemerintah', 4, 'Pusat', '0'),
(278, 1, '63120', 'Seksi Statistik Lembaga Keuangan', 4, 'Pusat', '0'),
(279, 1, '63130', 'Seksi Statistik Badan Usaha dan Pasar Modal', 4, 'Pusat', '0'),
(280, 1, '63200', 'Subdirektorat Statistik Komunikasi dan Teknologi Informasi', 3, 'Pusat', '0'),
(281, 1, '63210', 'Seksi Penyiapan Statistik Komunikasi dan Teknologi Informasi', 4, 'Pusat', '0'),
(282, 1, '63220', 'Seksi Pengolahan Statistik Komunikasi dan Teknologi Informasi', 4, 'Pusat', '0'),
(283, 1, '63230', 'Seksi Evaluasi dan Pelaporan Statistik Komunikasi dan Teknologi Informasi', 4, 'Pusat', '0'),
(284, 1, '63300', 'Subdirektorat Statistik Pariwisata', 3, 'Pusat', '0'),
(285, 1, '63310', 'Seksi Penyiapan Statistik Pariwisata', 4, 'Pusat', '0'),
(286, 1, '63320', 'Seksi Pengolahan Statistik Pariwisata', 4, 'Pusat', '0'),
(287, 1, '63330', 'Seksi Evaluasi dan Pelaporan Statistik Pariwisata', 4, 'Pusat', '0'),
(288, 1, '70000', 'Deputi Bidang Neraca dan Analisis Statistik', 1, 'Pusat', '0'),
(289, 1, '71000', 'Direktorat Neraca Produksi', 2, 'Pusat', '0'),
(290, 1, '71100', 'Subdirektorat Neraca Barang', 3, 'Pusat', '0'),
(291, 1, '71110', 'Seksi Neraca Pertanian', 4, 'Pusat', '0'),
(292, 1, '71120', 'Seksi Neraca Industri', 4, 'Pusat', '0'),
(293, 1, '71130', 'Seksi Neraca Pertambangan, Energi, dan Konstruksi', 4, 'Pusat', '0'),
(294, 1, '71200', 'Subdirektorat Neraca Jasa', 3, 'Pusat', '0'),
(295, 1, '71210', 'Seksi Neraca Perdagangan, Hotel, dan Restoran', 4, 'Pusat', '0'),
(296, 1, '71220', 'Seksi Neraca Transportasi dan Komunikasi', 4, 'Pusat', '0'),
(297, 1, '71230', 'Seksi Neraca Bank, Lembaga Keuangan Bukan Bank, dan Jasa Lainnya', 4, 'Pusat', '0'),
(298, 1, '71300', 'Subdirektorat Konsolidasi Neraca Produksi Nasional', 3, 'Pusat', '0'),
(299, 1, '71310', 'Seksi Konsolidasi Neraca Produksi Triwulanan', 4, 'Pusat', '0'),
(300, 1, '71320', 'Seksi Konsolidasi Neraca Produksi Tahunan', 4, 'Pusat', '0'),
(301, 1, '71330', 'Seksi Konsolidasi Neraca Lintas Sektor', 4, 'Pusat', '0'),
(302, 1, '71400', 'Subdirektorat Konsolidasi Neraca Produksi Regional', 3, 'Pusat', '0'),
(303, 1, '71410', 'Seksi Konsolidasi Neraca Barang Regional', 4, 'Pusat', '0'),
(304, 1, '71420', 'Seksi Konsolidasi Neraca Jasa Regional', 4, 'Pusat', '0'),
(305, 1, '71430', 'Seksi Konsolidasi Neraca Lintas Regional', 4, 'Pusat', '0'),
(306, 1, '72000', 'Direktorat Neraca Pengeluaran', 2, 'Pusat', '0'),
(307, 1, '72100', 'Subdirektorat Neraca Rumah Tangga dan Institusi Nirlaba', 3, 'Pusat', '0'),
(308, 1, '72110', 'Seksi Neraca Usaha Rumah Tangga', 4, 'Pusat', '0'),
(309, 1, '72120', 'Seksi Neraca Pengeluaran Rumah Tangga', 4, 'Pusat', '0'),
(310, 1, '72130', 'Seksi Neraca Institusi Nirlaba', 4, 'Pusat', '0'),
(311, 1, '72200', 'Subdirektorat Neraca Pemerintah dan Badan Usaha', 3, 'Pusat', '0'),
(312, 1, '72210', 'Seksi Neraca Pemerintahan Umum', 4, 'Pusat', '0'),
(313, 1, '72220', 'Seksi Neraca Badan Usaha Pemerintah', 4, 'Pusat', '0'),
(314, 1, '72230', 'Seksi Neraca Badan Usaha Swasta', 4, 'Pusat', '0'),
(315, 1, '72300', 'Subdirektorat Neraca Modal dan Luar Negeri', 3, 'Pusat', '0'),
(316, 1, '72310', 'Seksi Neraca Modal dan Akumulasi', 4, 'Pusat', '0'),
(317, 1, '72320', 'Seksi Neraca Luar Negeri', 4, 'Pusat', '0'),
(318, 1, '72330', 'Seksi Neraca Arus Dana', 4, 'Pusat', '0'),
(319, 1, '72400', 'Subdirektorat Konsolidasi Neraca Pengeluaran', 3, 'Pusat', '0'),
(320, 1, '72410', 'Seksi Konsolidasi Neraca Institusi', 4, 'Pusat', '0'),
(321, 1, '72420', 'Seksi Konsolidasi Neraca  Sosial Ekonomi', 4, 'Pusat', '0'),
(322, 1, '72430', 'Seksi Konsolidasi Neraca Pengeluaran Regional', 4, 'Pusat', '0'),
(323, 1, '73000', 'Direktorat Analisis dan Pengembangan Statistik', 2, 'Pusat', '0'),
(324, 1, '73100', 'Subdirektorat Analisis Statistik', 3, 'Pusat', '0'),
(325, 1, '73110', 'Seksi Analisis Statistik Sosial', 4, 'Pusat', '0'),
(326, 1, '73120', 'Seksi Analisis Statistik Ekonomi', 4, 'Pusat', '0'),
(327, 1, '73130', 'Seksi Analisis Statistik Lintas Sektor', 4, 'Pusat', '0'),
(328, 1, '73200', 'Subdirektorat Konsistensi Statistik', 3, 'Pusat', '0'),
(329, 1, '73210', 'Seksi Konsistensi Statistik Sosial', 4, 'Pusat', '0'),
(330, 1, '73220', 'Seksi Konsistensi Statistik Ekonomi', 4, 'Pusat', '0'),
(331, 1, '73300', 'Subdirektorat Indikator Statistik', 3, 'Pusat', '0'),
(332, 1, '73310', 'Seksi Indikator Statistik Sosial', 4, 'Pusat', '0'),
(333, 1, '73320', 'Seksi Indikator Statistik Ekonomi', 4, 'Pusat', '0'),
(334, 1, '73330', 'Seksi Indikator Statistik Lintas Sektor', 4, 'Pusat', '0'),
(335, 1, '73400', 'Subdirektorat Pengembangan Model Statistik', 3, 'Pusat', '0'),
(336, 1, '73410', 'Seksi Pengembangan Model Statistik Sosial', 4, 'Pusat', '0'),
(337, 1, '73420', 'Seksi Pengembangan Model Statistik Ekonomi', 4, 'Pusat', '0'),
(338, 1, '73500', 'Pejabat Fungsional', 0, 'Pusat', '0'),
(339, 1, '80000', 'Inspektorat Utama', 1, 'Pusat', '0'),
(340, 1, '80100', 'Bagian Administrasi', 3, 'Pusat', '0'),
(341, 1, '80110', 'Subbagian Tata Usaha', 4, 'Pusat', '0'),
(342, 1, '80120', 'Subbagian Penyusunan Program', 4, 'Pusat', '0'),
(343, 1, '80130', 'Subbagian Evaluasi dan Pelaporan', 4, 'Pusat', '0'),
(344, 1, '81000', 'Inspektorat Wilayah I', 2, 'Pusat', '0'),
(345, 1, '82000', 'Inspektorat Wilayah II', 2, 'Pusat', '0'),
(346, 1, '83000', 'Inspektorat Wilayah III', 2, 'Pusat', '0'),
(347, 1, '91000', 'BPS Propinsi DKI Jakarta', 2, 'Provinsi DKI', '0'),
(348, 1, '91100', 'Bagian Tata Usaha', 3, 'Provinsi DKI', '0'),
(349, 1, '91110', 'Subbagian Bina Program', 4, 'Provinsi DKI', '0'),
(350, 1, '91120', 'Subbagian Kepegawaian & Hukum', 4, 'Provinsi DKI', '0'),
(351, 1, '91130', 'Subbagian Keuangan', 4, 'Provinsi DKI', '0'),
(352, 1, '91140', 'Subbagian Umum', 4, 'Provinsi DKI', '0'),
(353, 1, '91150', 'Subbagian Pengadaan Barang/Jasa', 4, 'Provinsi DKI', '0'),
(354, 1, '91160', 'MPP', 0, 'Provinsi DKI', '0'),
(355, 1, '91170', 'Diperbantukan/Dipekerjakan', 0, 'Provinsi DKI', '0'),
(356, 1, '91200', 'Bidang Statistik Sosial', 3, 'Provinsi DKI', '0'),
(357, 1, '91210', 'Seksi Statistik Kependudukan', 4, 'Provinsi DKI', '0'),
(358, 1, '91220', 'Seksi Statistik Ketahanan Sosial', 4, 'Provinsi DKI', '0'),
(359, 1, '91230', 'Seksi Statistik Kesejahteraan rakyat', 4, 'Provinsi DKI', '0'),
(360, 1, '91300', 'Bidang Statistik Produksi', 3, 'Provinsi DKI', '0'),
(361, 1, '91310', 'Seksi Statistik Industri Besar dan Sedang', 4, 'Provinsi DKI', '0'),
(362, 1, '91320', 'Seksi Statistik Pertanian, Industri Kecil dan Kerajinan Rumah Tangga', 4, 'Provinsi DKI', '0'),
(363, 1, '91330', 'Seksi Statistik Pertambangan, Energi, dan Konstruksi', 4, 'Provinsi DKI', '0'),
(364, 1, '91400', 'Bidang Statistik Distribusi', 3, 'Provinsi DKI', '0'),
(365, 1, '91410', 'Seksi Statistik Harga Konsumen dan Harga Perdagangan Besar', 4, 'Provinsi DKI', '0'),
(366, 1, '91420', 'Seksi Statistik Keuangan dan Harga Produsen', 4, 'Provinsi DKI', '0'),
(367, 1, '91430', 'Seksi Statistik Niaga dan Jasa', 4, 'Provinsi DKI', '0'),
(368, 1, '91500', 'Bidang Neraca Wilayah dan Analisis Statistik', 3, 'Provinsi DKI', '0'),
(369, 1, '91510', 'Seksi Neraca Produksi', 4, 'Provinsi DKI', '0'),
(370, 1, '91520', 'Seksi Neraca Konsumsi', 4, 'Provinsi DKI', '0'),
(371, 1, '91530', 'Seksi Analisis Statistik Lintas Sektor', 4, 'Provinsi DKI', '0'),
(372, 1, '91600', 'Bidang Integrasi Pengolahan dan Diseminasi Statistik', 3, 'Provinsi DKI', '0'),
(373, 1, '91610', 'Seksi Jaringan dan Rujukan Statistik', 4, 'Provinsi DKI', '0'),
(374, 1, '91620', 'Seksi Integrasi Pengolahan Data', 4, 'Provinsi DKI', '0'),
(375, 1, '91630', 'Seksi Diseminasi dan Layanan Statistik', 4, 'Provinsi DKI', '0'),
(376, 1, '91800', 'BPS Kotamadya', 3, 'KabKota DKI', '0'),
(377, 1, '91810', 'Subbagian Tata Usaha', 4, 'KabKota DKI', '0'),
(378, 1, '91820', 'Seksi Statistik Sosial', 4, 'KabKota DKI', '0'),
(379, 1, '91830', 'Seksi Statistik Produksi', 4, 'KabKota DKI', '0'),
(380, 1, '91840', 'Seksi Statistik Distribusi', 4, 'KabKota DKI', '0'),
(381, 1, '91850', 'Seksi Neraca Wilayah dan Analisis Statistik', 4, 'KabKota DKI', '0'),
(382, 1, '91860', 'Seksi Integrasi Pengolahan dan Diseminasi Statistik', 4, 'KabKota DKI', '0'),
(383, 1, '91870', 'KSK', 4, 'KabKota DKI', '0'),
(384, 1, '91880', 'Diperbantukan/Dipekerjakan', 0, 'KabKota DKI', '0'),
(385, 1, '92000', 'BPS Propinsi', 2, 'Provinsi Non-DKI', '0'),
(386, 1, '92100', 'Bagian Tata Usaha', 3, 'Provinsi Non-DKI', '0'),
(387, 1, '92110', 'Subbagian Bina Program', 4, 'Provinsi Non-DKI', '0'),
(388, 1, '92120', 'Subbagian Kepegawaian & Hukum', 4, 'Provinsi Non-DKI', '0'),
(389, 1, '92130', 'Subbagian Keuangan', 4, 'Provinsi Non-DKI', '0'),
(390, 1, '92140', 'Subbagian Umum', 4, 'Provinsi Non-DKI', '0'),
(391, 1, '92150', 'Subbagian Pengadaan Barang/Jasa', 4, 'Provinsi Non-DKI', '0'),
(392, 1, '92160', 'MPP', 0, 'Provinsi Non-DKI', '0'),
(393, 1, '92170', 'Diperbantukan/Dipekerjakan', 0, 'Provinsi Non-DKI', '0'),
(394, 1, '92200', 'Bidang Statistik Sosial', 3, 'Provinsi Non-DKI', '0'),
(395, 1, '92210', 'Seksi Statistik Kependudukan', 4, 'Provinsi Non-DKI', '0'),
(396, 1, '92220', 'Seksi Statistik Ketahanan Sosial', 4, 'Provinsi Non-DKI', '0'),
(397, 1, '92230', 'Seksi Statistik Kesejahteraan Rakyat', 4, 'Provinsi Non-DKI', '0'),
(398, 1, '92300', 'Bidang Statistik Produksi', 3, 'Provinsi Non-DKI', '0'),
(399, 1, '92310', 'Seksi Statistik Pertanian', 4, 'Provinsi Non-DKI', '0'),
(400, 1, '92320', 'Seksi Statistik Industri', 4, 'Provinsi Non-DKI', '0'),
(401, 1, '92330', 'Seksi Statistik Pertambangan, Energi dan Konstruksi', 4, 'Provinsi Non-DKI', '0'),
(402, 1, '92400', 'Bidang Statistik Distribusi', 3, 'Provinsi Non-DKI', '0'),
(403, 1, '92410', 'Seksi Statistik Harga Konsumen dan Harga Perdagangan Besar', 4, 'Provinsi Non-DKI', '0'),
(404, 1, '92420', 'Seksi Statistik Keuangan Dan Harga Produsen', 4, 'Provinsi Non-DKI', '0'),
(405, 1, '92430', 'Seksi Statistik Niaga dan Jasa', 4, 'Provinsi Non-DKI', '0'),
(406, 1, '92500', 'Bidang Neraca Wilayah dan Analisis Statistik', 3, 'Provinsi Non-DKI', '0'),
(407, 1, '92510', 'Seksi Neraca Produksi', 4, 'Provinsi Non-DKI', '0'),
(408, 1, '92520', 'Seksi Neraca Konsumsi', 4, 'Provinsi Non-DKI', '0'),
(409, 1, '92530', 'Seksi Analisis Statistik Lintas Sektor', 4, 'Provinsi Non-DKI', '0'),
(410, 1, '92600', 'Bidang Integrasi Pengolahan dan Diseminasi Statistik', 3, 'Provinsi Non-DKI', '0'),
(411, 1, '92610', 'Seksi Integrasi Pengolahan Data', 4, 'Provinsi Non-DKI', '0'),
(412, 1, '92620', 'Seksi Jaringan dan Rujukan Statistik', 4, 'Provinsi Non-DKI', '0'),
(413, 1, '92630', 'Seksi Diseminasi dan Layanan Statistik', 4, 'Provinsi Non-DKI', '0'),
(414, 1, '92800', 'BPS Kabupaten/Kota', 3, 'KabKota Non-DKI', '1'),
(415, 1, '92810', 'Subbagian Tata Usaha', 4, 'KabKota Non-DKI', '1'),
(416, 1, '92820', 'Seksi Statistik Sosial', 4, 'KabKota Non-DKI', '1'),
(417, 1, '92830', 'Seksi Statistik Produksi', 4, 'KabKota Non-DKI', '1'),
(418, 1, '92840', 'Seksi Statistik Distribusi', 4, 'KabKota Non-DKI', '1'),
(419, 1, '92850', 'Seksi Neraca Wilayah dan Analisis Statistik', 4, 'KabKota Non-DKI', '1'),
(420, 1, '92860', 'Seksi Integrasi Pengolahan dan Diseminasi Statistik', 4, 'KabKota Non-DKI', '1'),
(421, 1, '92870', 'KSK', 4, 'KabKota Non-DKI', '1'),
(422, 1, '92880', 'Diperbantukan/Dipekerjakan', 0, 'KabKota Non-DKI', '1');

-- --------------------------------------------------------

--
-- Table structure for table `pekerjaan_bulanan`
--

CREATE TABLE `pekerjaan_bulanan` (
  `RecId` int(11) NOT NULL,
  `CreatedBy` int(11) NOT NULL,
  `CreatedDate` datetime NOT NULL,
  `Deskripsi` text NOT NULL,
  `Volume` int(11) NOT NULL,
  `SatuanId` int(11) NOT NULL,
  `StatusPenugasanId` int(11) NOT NULL DEFAULT 0,
  `TanggalMulai` date NOT NULL,
  `TanggalSelesai` date NOT NULL,
  `ModifiedDate` datetime NOT NULL,
  `ModifiedBy` int(11) NOT NULL
) ENGINE=InnoDB DEFAULT CHARSET=utf8mb4;

--
-- Dumping data for table `pekerjaan_bulanan`
--

INSERT INTO `pekerjaan_bulanan` (`RecId`, `CreatedBy`, `CreatedDate`, `Deskripsi`, `Volume`, `SatuanId`, `StatusPenugasanId`, `TanggalMulai`, `TanggalSelesai`, `ModifiedDate`, `ModifiedBy`) VALUES
(1, 11, '2021-10-02 08:37:26', 'Pekerjaan 1', 123, 3, 0, '2021-10-01', '2021-10-30', '0000-00-00 00:00:00', 0),
(2, 11, '2021-10-02 08:37:42', 'Pekerjaan 2', 343, 3, 0, '2021-10-01', '2021-10-22', '0000-00-00 00:00:00', 0),
(3, 11, '2021-10-02 08:40:28', 'Pekerjaan 3', 122, 3, 0, '2021-10-02', '2021-10-02', '0000-00-00 00:00:00', 0),
(4, 11, '2021-10-02 08:44:07', 'Pekerjaan 4', 444, 5, 0, '2021-10-02', '2021-10-02', '0000-00-00 00:00:00', 0),
(5, 11, '2021-10-02 08:44:38', 'Pkerjaan sekian', 122, 3, 0, '2021-10-02', '2021-10-02', '0000-00-00 00:00:00', 0),
(6, 11, '2021-10-02 08:46:19', 'Pkejreen 999', 67, 3, 0, '2021-10-02', '2021-10-02', '0000-00-00 00:00:00', 0),
(7, 11, '2021-10-02 08:49:20', 'pekerjaan 5', 899, 6, 0, '2021-10-02', '2021-10-02', '0000-00-00 00:00:00', 0);

-- --------------------------------------------------------

--
-- Table structure for table `pekerjaan_bulanan_pengguna`
--

CREATE TABLE `pekerjaan_bulanan_pengguna` (
  `RecId` int(11) NOT NULL,
  `PenerimaPekerjaanId` int(11) NOT NULL,
  `PemberiPekerjaanId` int(11) NOT NULL,
  `PekerjaanId` int(11) NOT NULL,
  `Volume` int(11) NOT NULL,
  `VolumeRealisasi` int(11) NOT NULL,
  `CreatedDate` datetime NOT NULL,
  `CreatedBy` int(11) NOT NULL,
  `TanggalMulai` datetime NOT NULL DEFAULT current_timestamp(),
  `TanggalSelesai` datetime NOT NULL DEFAULT current_timestamp(),
  `StatusPenyelesaianId` int(11) NOT NULL DEFAULT 1,
  `PenilaianAtasan` int(3) NOT NULL,
  `TanggalPenilaian` datetime NOT NULL DEFAULT current_timestamp()
) ENGINE=InnoDB DEFAULT CHARSET=utf8mb4;

--
-- Dumping data for table `pekerjaan_bulanan_pengguna`
--

INSERT INTO `pekerjaan_bulanan_pengguna` (`RecId`, `PenerimaPekerjaanId`, `PemberiPekerjaanId`, `PekerjaanId`, `Volume`, `VolumeRealisasi`, `CreatedDate`, `CreatedBy`, `TanggalMulai`, `TanggalSelesai`, `StatusPenyelesaianId`, `PenilaianAtasan`, `TanggalPenilaian`) VALUES
(83, 11, 11, 2, 13, 12, '2021-10-02 09:11:05', 11, '2021-10-01 00:00:00', '2021-10-22 00:00:00', 1, 98, '2021-10-03 14:50:21'),
(84, 10, 11, 2, 13, 0, '2021-10-02 09:11:12', 11, '2021-10-01 00:00:00', '2021-10-22 00:00:00', 1, 0, '2021-10-03 14:50:21'),
(85, 12, 11, 2, 13, 0, '2021-10-02 09:11:17', 11, '2021-10-01 00:00:00', '2021-10-22 00:00:00', 1, 0, '2021-10-03 14:50:21'),
(86, 11, 11, 5, 89, 80, '2021-10-02 04:42:03', 11, '2021-10-01 00:00:00', '2021-10-30 00:00:00', 1, 100, '2021-10-03 14:50:21');

-- --------------------------------------------------------

--
-- Table structure for table `pengguna`
--

CREATE TABLE `pengguna` (
  `RecId` int(11) NOT NULL,
  `OpsiLoginId` int(11) NOT NULL,
  `Username` text NOT NULL,
  `Email` text NOT NULL,
  `Nama` text NOT NULL,
  `UrlPicture` text NOT NULL,
  `SatkerId` int(11) NOT NULL,
  `OrganisasiId` int(11) NOT NULL,
  `IsAktif` enum('0','1','','') NOT NULL DEFAULT '0',
  `IsAdmin` int(11) NOT NULL DEFAULT 0,
  `AtasanId` int(11) NOT NULL,
  `NipBaru` text NOT NULL,
  `Jabatan` text NOT NULL,
  `NipLama` text NOT NULL
) ENGINE=InnoDB DEFAULT CHARSET=utf8mb4;

--
-- Dumping data for table `pengguna`
--

INSERT INTO `pengguna` (`RecId`, `OpsiLoginId`, `Username`, `Email`, `Nama`, `UrlPicture`, `SatkerId`, `OrganisasiId`, `IsAktif`, `IsAdmin`, `AtasanId`, `NipBaru`, `Jabatan`, `NipLama`) VALUES
(10, 2, '', 'genoksi462@gmail.com', 'Mitra Genoksi (Staf IPDS)', 'https://lh3.googleusercontent.com/a/AATXAJxwqO3DNMkNEeL0Y6igayw7HfqUqMbP89H2qXRv=s96-c', 202, 420, '0', 0, 0, '198188198198918918981981', 'KF IDS', '343434'),
(12, 2, '', 'nia.aprillyana@gmail.com', 'Nia Aprillyana (Staf TU)', 'https://lh3.googleusercontent.com/a/AATXAJxTObuBL0Voifvj5qkMmyHW7mh5PiadcLbdoLfe=s96-c', 202, 415, '0', 0, 0, '', '', ''),
(15, 2, '', 'ratiban1439h@gmail.com', 'Erlinda (KF TU)', 'https://lh3.googleusercontent.com/a-/AOh14GjIsbp8w3KC7t0ISiLPXMDxeL-k0w-ADFDRfsVbmA=s96-c', 202, 415, '0', 0, 16, '', '', '32327387387'),
(16, 2, '', 'achiruzaman@gmail.com', 'BOS', 'https://lh3.googleusercontent.com/a/AATXAJxVHqUsItQ_SBF8MehhG2Nt6kJ5zZqcc4H6j350=s96-c', 202, 416, '0', 0, 0, '1231321', '', '123123'),
(19, 3, '', 'achiruzaman@bps.go.id', 'Mohamad Achiruzaman S.ST, M.T', 'https://community.bps.go.id/images/avatar/340053328_20190724105413.jpg', 0, 0, '0', 0, 0, '', '', ''),
(20, 3, '', 'nia_aprillyana@bps.go.id', 'Nia Aprillyana, S.ST, M.Si.', 'https://community.bps.go.id/images/avatar/53354.JPG', 202, 419, '0', 0, 19, '198704232009122001', 'Mitra', '340053354');

-- --------------------------------------------------------

--
-- Table structure for table `role`
--

CREATE TABLE `role` (
  `RecId` int(11) NOT NULL,
  `Role` varchar(100) NOT NULL
) ENGINE=InnoDB DEFAULT CHARSET=utf8mb4;

--
-- Dumping data for table `role`
--

INSERT INTO `role` (`RecId`, `Role`) VALUES
(1, 'Administrator'),
(2, 'Anggota Biasa');

-- --------------------------------------------------------

--
-- Table structure for table `role_pengguna`
--

CREATE TABLE `role_pengguna` (
  `RecId` int(11) NOT NULL,
  `RoleId` int(11) NOT NULL,
  `PenggunaId` int(11) NOT NULL,
  `Cakupan` int(11) NOT NULL
) ENGINE=InnoDB DEFAULT CHARSET=utf8mb4;

--
-- Dumping data for table `role_pengguna`
--

INSERT INTO `role_pengguna` (`RecId`, `RoleId`, `PenggunaId`, `Cakupan`) VALUES
(3, 2, 7, 0),
(4, 2, 8, 0),
(5, 1, 16, 0),
(7, 2, 10, 0),
(9, 2, 12, 0),
(10, 2, 13, 0),
(11, 2, 14, 0),
(12, 2, 15, 0),
(15, 2, 16, 0),
(16, 2, 17, 0),
(17, 2, 18, 0),
(18, 2, 19, 0),
(19, 2, 20, 0);

-- --------------------------------------------------------

--
-- Table structure for table `satker`
--

CREATE TABLE `satker` (
  `RecId` int(11) NOT NULL,
  `FlagWil` int(11) NOT NULL,
  `KdProp` varchar(100) NOT NULL,
  `KdKab` varchar(100) NOT NULL,
  `KdSatker` varchar(100) NOT NULL,
  `Nama` varchar(100) NOT NULL,
  `IsAktif` enum('0','1','','') NOT NULL DEFAULT '0'
) ENGINE=InnoDB DEFAULT CHARSET=utf8mb4;

--
-- Dumping data for table `satker`
--

INSERT INTO `satker` (`RecId`, `FlagWil`, `KdProp`, `KdKab`, `KdSatker`, `Nama`, `IsAktif`) VALUES
(1, 1, '00', '00', '018576', 'SESTAMA BADAN PUSAT STATISTIK', '0'),
(2, 1, '00', '00', '690328', 'PUSDIKLAT BPS', '0'),
(3, 1, '00', '00', '690332', 'STIS', '0'),
(4, 1, '11', '10', '636942', 'BPS  KAB. BIREUEN', '0'),
(5, 1, '11', '11', '019681', 'BPS  KAB. ACEH UTARA', '0'),
(6, 1, '11', '12', '667083', 'BPS  KAB.  ACEH BARAT DAYA', '0'),
(7, 1, '11', '13', '667090', 'BPS  KAB. GAYO LUES', '0'),
(8, 1, '11', '14', '667112', 'BPS  KAB. ACEH TAMIANG', '0'),
(9, 1, '11', '15', '668486', 'BPS  KAB. NAGAN RAYA', '0'),
(10, 1, '11', '16', '668490', 'BPS  KAB. ACEH JAYA', '0'),
(11, 1, '11', '17', '667126', 'BPS  KAB. BENER MERIAH', '0'),
(12, 1, '11', '18', '673495', 'BPS  KAB. PIDIE JAYA', '0'),
(13, 1, '11', '71', '019653', 'BPS  KOTA BANDA ACEH', '0'),
(14, 1, '11', '72', '019700', 'BPS  KOTA SABANG', '0'),
(15, 1, '11', '73', '652165', 'BPS  KOTA LANGSA', '0'),
(16, 1, '11', '74', '652151', 'BPS  KOTA LHOKSEUMAWE', '0'),
(17, 1, '11', '75', '689181', 'BPS  KAB. SUBULUSSALAM', '0'),
(18, 1, '11', '00', '019649', 'BPS  PROVINSI ACEH', '0'),
(19, 1, '11', '01', '636921', 'BPS  KAB. SIMEULUE', '0'),
(20, 1, '11', '02', '636935', 'BPS  KAB. ACEH SINGKIL', '0'),
(21, 1, '11', '03', '019742', 'BPS  KAB. ACEH SELATAN', '0'),
(22, 1, '11', '04', '019721', 'BPS  KAB. ACEH TENGGARA', '0'),
(23, 1, '11', '05', '019717', 'BPS  KAB. ACEH TIMUR', '0'),
(24, 1, '11', '06', '019695', 'BPS  KAB. ACEH TENGAH', '0'),
(25, 1, '11', '07', '019738', 'BPS  KAB. ACEH BARAT', '0'),
(26, 1, '11', '08', '019660', 'BPS  KAB. ACEH BESAR', '0'),
(27, 1, '11', '09', '019674', 'BPS  KAB. PIDIE', '0'),
(28, 1, '12', '10', '019873', 'BPS  KAB. DAIRI', '0'),
(29, 1, '12', '11', '019770', 'BPS  KAB. KARO', '0'),
(30, 1, '12', '12', '019784', 'BPS  KAB. DELI SERDANG', '0'),
(31, 1, '12', '13', '019763', 'BPS  KAB. LANGKAT', '0'),
(32, 1, '12', '14', '667130', 'BPS  KAB. NIAS SELATAN', '0'),
(33, 1, '12', '15', '667147', 'BPS  KAB. HUMBANG HASUNDUTAN', '0'),
(34, 1, '12', '16', '667151', 'BPS  KAB. PAKPAK BHARAT', '0'),
(35, 1, '12', '17', '668508', 'BPS  KAB. SAMOSIR', '0'),
(36, 1, '12', '18', '667168', 'BPS  KAB. SERDANG BEDAGAI', '0'),
(37, 1, '12', '19', '682321', 'BPS  KAB. BATU BARA', '0'),
(38, 1, '12', '20', '673517', 'BPS  KAB. PADANG LAWAS UTARA', '0'),
(39, 1, '12', '21', '673500', 'BPS  KAB. PADANG LAWAS', '0'),
(40, 1, '12', '23', '072515', 'BPS KAB. LABUHAN BATU UTARA', '0'),
(41, 1, '12', '71', '019916', 'BPS  KOTA SIBOLGA', '0'),
(42, 1, '12', '72', '019827', 'BPS  KOTA TANJUNG BALAI', '0'),
(43, 1, '12', '73', '019880', 'BPS  KOTA PEMATANG SIANTAR', '0'),
(44, 1, '12', '74', '019831', 'BPS  KOTA TEBING TINGGI', '0'),
(45, 1, '12', '75', '019810', 'BPS  KOTA MEDAN', '0'),
(46, 1, '12', '76', '019848', 'BPS  KOTA BINJAI', '0'),
(47, 1, '12', '77', '652172', 'BPS  KOTA PADANG SIDEMPUAN', '0'),
(48, 1, '12', '78', '689114', 'BPS  KOTA GUNUNG SITOLI', '0'),
(49, 1, '12', '00', '019759', 'BPS  PROVINSI SUMATERA UTARA', '0'),
(50, 1, '12', '01', '019920', 'BPS  KAB. NIAS', '0'),
(51, 1, '12', '02', '636956', 'BPS  KAB. MANDAILING NATAL', '0'),
(52, 1, '12', '03', '019894', 'BPS  KAB. TAPANULI SELATAN', '0'),
(53, 1, '12', '04', '019902', 'BPS  KAB. TAPANULI TENGAH', '0'),
(54, 1, '12', '05', '019869', 'BPS  KAB.TAPANULI UTARA', '0'),
(55, 1, '12', '06', '636960', 'BPS  KAB. TOBA SAMOSIR', '0'),
(56, 1, '12', '07', '019791', 'BPS  KAB. LABUHAN BATU', '0'),
(57, 1, '12', '08', '019806', 'BPS  KAB. ASAHAN', '0'),
(58, 1, '12', '09', '019852', 'BPS  KAB. SIMALUNGUN', '0'),
(59, 1, '13', '10', '667193', 'BPS  KAB. SOLOK SELATAN', '0'),
(60, 1, '13', '11', '667172', 'BPS  KAB. DHARMASRAYA', '0'),
(61, 1, '13', '12', '667189', 'BPS  KAB. PASAMAN BARAT', '0'),
(62, 1, '13', '71', '019941', 'BPS  KOTA PADANG', '0'),
(63, 1, '13', '72', '019962', 'BPS  KOTA SOLOK', '0'),
(64, 1, '13', '73', '428001', 'BPS  KOTA SAWAHLUNTO', '0'),
(65, 1, '13', '74', '427990', 'BPS  KOTA PADANG PANJANG', '0'),
(66, 1, '13', '75', '428026', 'BPS  KOTA BUKITTINGGI', '0'),
(67, 1, '13', '76', '428032', 'BPS  KOTA PAYAKUMBUH', '0'),
(68, 1, '13', '77', '668512', 'BPS  KOTA PARIAMAN', '0'),
(69, 1, '13', '00', '019937', 'BPS  PROVINSI SUMATERA BARAT', '0'),
(70, 1, '13', '01', '636977', 'BPS  KAB. KEPULAUAN MENTAWAI', '0'),
(71, 1, '13', '02', '427981', 'BPS  KAB. PESISIR SELATAN', '0'),
(72, 1, '13', '03', '019979', 'BPS  KAB. SOLOK', '0'),
(73, 1, '13', '04', '019983', 'BPS  KAB. SAWAHLUNTO / SIJUNJUNG', '0'),
(74, 1, '13', '05', '019990', 'BPS  KAB. TANAH DATAR', '0'),
(75, 1, '13', '06', '019958', 'BPS  KAB. PADANG PARIAMAN', '0'),
(76, 1, '13', '07', '428041', 'BPS  KAB. AGAM', '0'),
(77, 1, '13', '08', '428063', 'BPS  KAB. LIMA PULUH KOTA', '0'),
(78, 1, '13', '09', '428057', 'BPS  KAB. PASAMAN', '0'),
(79, 1, '14', '10', '682431', 'BPS  KAB. KEPULAUAN MERANTI', '0'),
(80, 1, '14', '71', '428088', 'BPS  KOTA PEKANBARU', '0'),
(81, 1, '14', '73', '637059', 'BPS  KOTA DUMAI', '0'),
(82, 1, '14', '00', '428072', 'BPS  PROVINSI RIAU', '0'),
(83, 1, '14', '01', '636981', 'BPS  KAB. KUANTAN SINGINGI', '0'),
(84, 1, '14', '02', '428114', 'BPS  KAB. INDRAGIRI HULU', '0'),
(85, 1, '14', '03', '428120', 'BPS  KAB. INDRAGIRI HILIR', '0'),
(86, 1, '14', '04', '636998', 'BPS  KAB. PELALAWAN', '0'),
(87, 1, '14', '05', '637000', 'BPS  KAB. SIAK', '0'),
(88, 1, '14', '06', '428108', 'BPS  KAB. KAMPAR', '0'),
(89, 1, '14', '07', '637017', 'BPS  KAB. ROKAN HULU', '0'),
(90, 1, '14', '08', '428094', 'BPS  KAB. BENGKALIS', '0'),
(91, 1, '14', '09', '637021', 'BPS  KAB. ROKAN HILIR', '0'),
(92, 1, '15', '71', '428191', 'BPS  KOTA JAMBI', '0'),
(93, 1, '15', '72', '689160', 'BPS  KOTA SUNGAI PENUH', '0'),
(94, 1, '15', '00', '428145', 'BPS  PROVINSI JAMBI', '0'),
(95, 1, '15', '01', '428202', 'BPS  KAB. KERINCI', '0'),
(96, 1, '15', '02', '637063', 'BPS  KAB. MERANGIN', '0'),
(97, 1, '15', '03', '428182', 'BPS  KAB. SAROLANGUN', '0'),
(98, 1, '15', '04', '428160', 'BPS  KAB. BATANGHARI', '0'),
(99, 1, '15', '05', '637070', 'BPS  KAB. MUARO JAMBI', '0'),
(100, 1, '15', '06', '637084', 'BPS  KAB. TANJUNG JABUNG TIMUR', '0'),
(101, 1, '15', '07', '428176', 'BPS  KAB. TANJUNG JABUNG BARAT', '0'),
(102, 1, '15', '08', '637091', 'BPS  KAB. TEBO', '0'),
(103, 1, '15', '09', '428151', 'BPS  KAB. BUNGO', '0'),
(104, 1, '16', '10', '667222', 'BPS  KAB. OGAN ILIR', '0'),
(105, 1, '16', '11', '673521', 'BPS  KAB. EMPAT LAWANG', '0'),
(106, 1, '16', '71', '428227', 'BPS  KOTA PALEMBANG', '0'),
(107, 1, '16', '72', '652190', 'BPS  KOTA PRABUMULIH', '0'),
(108, 1, '16', '73', '652212', 'BPS  KOTA PAGAR ALAM', '0'),
(109, 1, '16', '74', '652208', 'BPS  KOTA LUBUK LINGGAU', '0'),
(110, 1, '16', '00', '428211', 'BPS  PROVINSI SUMATERA SELATAN', '0'),
(111, 1, '16', '01', '428258', 'BPS  KAB. OGAN KOMERING ULU', '0'),
(112, 1, '16', '02', '428242', 'BPS  KAB. OGAN KOMERING ILIR', '0'),
(113, 1, '16', '03', '428264', 'BPS  KAB. MUARA ENIM', '0'),
(114, 1, '16', '04', '428270', 'BPS  KAB. LAHAT', '0'),
(115, 1, '16', '05', '428289', 'BPS  KAB. MUSI RAWAS', '0'),
(116, 1, '16', '06', '428233', 'BPS  KAB. MUSI BANYUASIN', '0'),
(117, 1, '16', '07', '667236', 'BPS  KAB. BANYUASIN', '0'),
(118, 1, '16', '08', '667215', 'BPS  KAB. OKU SELATAN', '0'),
(119, 1, '16', '09', '668529', 'BPS  KAB. OGAN KOMERING ULU TIMUR', '0'),
(120, 1, '17', '71', '429570', 'BPS  KOTA BENGKULU', '0'),
(121, 1, '17', '00', '429564', 'BPS  PROVINSI BENGKULU', '0'),
(122, 1, '17', '01', '429609', 'BPS  KAB. BENGKULU SELATAN', '0'),
(123, 1, '17', '02', '429595', 'BPS  KAB. REJANG LEBONG', '0'),
(124, 1, '17', '03', '429589', 'BPS  KAB. BENGKULU UTARA', '0'),
(125, 1, '17', '04', '667240', 'BPS  KAB. KAUR', '0'),
(126, 1, '17', '05', '667257', 'BPS  KAB. SELUMA', '0'),
(127, 1, '17', '06', '668533', 'BPS  KAB. MUKOMUKO', '0'),
(128, 1, '17', '07', '668540', 'BPS  KAB. LEBONG', '0'),
(129, 1, '17', '08', '668554', 'BPS  KAB. KAPAHIANG', '0'),
(130, 1, '17', '09', '689142', 'BPS  KAB. BENGKULU TENGAH', '0'),
(131, 1, '18', '10', '682410', 'BPS  KAB. PRINGSEWU', '0'),
(132, 1, '18', '11', '121115', 'BPS  KAB. MESUJI', '0'),
(133, 1, '18', '12', '689156', 'BPS  KAB. TULANG BAWANG BARAT', '0'),
(134, 1, '18', '71', '428330', 'BPS  KOTA BANDAR LAMPUNG', '0'),
(135, 1, '18', '72', '637127', 'BPS  KOTA METRO', '0'),
(136, 1, '18', '00', '428321', 'BPS  PROVINSI LAMPUNG', '0'),
(137, 1, '18', '01', '552560', 'BPS  KAB. LAMPUNG BARAT', '0'),
(138, 1, '18', '02', '613654', 'BPS  KAB. TANGGAMUS', '0'),
(139, 1, '18', '03', '428361', 'BPS  KAB. LAMPUNG SELATAN', '0'),
(140, 1, '18', '04', '637106', 'BPS  KAB. LAMPUNG TIMUR', '0'),
(141, 1, '18', '05', '428352', 'BPS  KAB. LAMPUNG TENGAH', '0'),
(142, 1, '18', '06', '428346', 'BPS  KAB. LAMPUNG UTARA', '0'),
(143, 1, '18', '07', '637110', 'BPS  KAB. WAY KANAN', '0'),
(144, 1, '18', '08', '613640', 'BPS  KAB. TULANG BAWANG', '0'),
(145, 1, '18', '09', '673538', 'BPS  KAB. PESAWARAN', '0'),
(146, 1, '19', '71', '428295', 'BPS  KOTA PANGKAL PINANG', '0'),
(147, 1, '19', '00', '636888', 'BPS  PROVINSI KEP. BANGKA BELITUNG', '0'),
(148, 1, '19', '01', '428309', 'BPS  KAB. BANGKA', '0'),
(149, 1, '19', '02', '428315', 'BPS  KAB. BELITUNG', '0'),
(150, 1, '19', '03', '668561', 'BPS  KAB. BANGKA BARAT', '0'),
(151, 1, '19', '04', '668575', 'BPS  KAB. BANGKA TENGAH', '0'),
(152, 1, '19', '05', '668582', 'BPS  KAB. BANGKA SELATAN', '0'),
(153, 1, '19', '06', '667261', 'BPS  KAB. BELITUNG TIMUR', '0'),
(154, 1, '21', '71', '429615', 'BPS  KOTA BATAM', '0'),
(155, 1, '21', '72', '652186', 'BPS  KOTA TANJUNG PINANG', '0'),
(156, 1, '21', '00', '667058', 'BPS  PROVINSI KEPULAUAN RIAU', '0'),
(157, 1, '21', '01', '637038', 'BPS  KAB. KARIMUN', '0'),
(158, 1, '21', '03', '637042', 'BPS  KAB. NATUNA', '0'),
(159, 1, '21', '04', '667201', 'BPS  KAB. LINGGA', '0'),
(160, 1, '21', '05', '682406', 'BPS  KAB. KEPULAUAN ANAMBAS', '0'),
(161, 1, '31', '71', '539163', 'BPS  KOTA JAKARTA SELATAN', '0'),
(162, 1, '31', '72', '539184', 'BPS  KOTA JAKARTA TIMUR', '0'),
(163, 1, '31', '73', '539227', 'BPS  KOTA JAKARTA PUSAT', '0'),
(164, 1, '31', '74', '539159', 'BPS  KOTA JAKARTA BARAT', '0'),
(165, 1, '31', '75', '539170', 'BPS  KOTA JAKARTA UTARA', '0'),
(166, 1, '31', '00', '018580', 'BPS  PROVINSI D.K.I JAKARTA', '0'),
(167, 1, '31', '01', '668596', 'BPS  KAB. KEPULAUAN SERIBU', '0'),
(168, 1, '32', '10', '018839', 'BPS  KAB. MAJALENGKA', '0'),
(169, 1, '32', '11', '018623', 'BPS  KAB. SUMEDANG', '0'),
(170, 1, '32', '12', '018822', 'BPS  KAB. INDRAMAYU', '0'),
(171, 1, '32', '13', '018708', 'BPS  KAB. SUBANG', '0'),
(172, 1, '32', '14', '018690', 'BPS  KAB. PURWAKARTA', '0'),
(173, 1, '32', '15', '018686', 'BPS  KAB. KARAWANG', '0'),
(174, 1, '32', '16', '018672', 'BPS  KAB. BEKASI', '0'),
(175, 1, '32', '17', '673542', 'BPS  KAB. BANDUNG BARAT', '0'),
(176, 1, '32', '71', '018740', 'BPS  KOTA BOGOR', '0'),
(177, 1, '32', '72', '018761', 'BPS  KOTA SUKABUMI', '0'),
(178, 1, '32', '73', '018602', 'BPS  KOTA BANDUNG', '0'),
(179, 1, '32', '74', '018796', 'BPS  KOTA CIREBON', '0'),
(180, 1, '32', '75', '613310', 'BPS  KOTA BEKASI', '0'),
(181, 1, '32', '76', '637148', 'BPS  KOTA DEPOK', '0'),
(182, 1, '32', '77', '652229', 'BPS  KOTA CIMAHI', '0'),
(183, 1, '32', '78', '652233', 'BPS  KOTA TASIKMALAYA', '0'),
(184, 1, '32', '79', '667278', 'BPS  KOTA BANJAR', '0'),
(185, 1, '32', '00', '018597', 'BPS  PROVINSI JAWA BARAT', '0'),
(186, 1, '32', '01', '018754', 'BPS  KAB. BOGOR', '0'),
(187, 1, '32', '02', '018775', 'BPS  KAB. SUKABUMI', '0'),
(188, 1, '32', '03', '018782', 'BPS  KAB. CIANJUR', '0'),
(189, 1, '32', '04', '018619', 'BPS  KAB. BANDUNG', '0'),
(190, 1, '32', '05', '018729', 'BPS  KAB. GARUT', '0'),
(191, 1, '32', '06', '018712', 'BPS  KAB. TASIKMALAYA', '0'),
(192, 1, '32', '07', '018733', 'BPS  KAB. CIAMIS', '0'),
(193, 1, '32', '08', '018818', 'BPS  KAB. KUNINGAN', '0'),
(194, 1, '32', '09', '018801', 'BPS  KAB. CIREBON', '0'),
(195, 1, '33', '10', '019131', 'BPS  KAB. KLATEN', '0'),
(196, 1, '33', '11', '019098', 'BPS  KAB. SUKOHARJO', '0'),
(197, 1, '33', '12', '019124', 'BPS  KAB. WONOGIRI', '0'),
(198, 1, '33', '13', '019103', 'BPS  KAB. KARANGANYAR', '0'),
(199, 1, '33', '14', '019145', 'BPS  KAB. SRAGEN', '0'),
(200, 1, '33', '15', '018981', 'BPS  KAB. GROBOGAN', '0'),
(201, 1, '33', '16', '018974', 'BPS  KAB. BLORA', '0'),
(202, 1, '33', '17', '018960', 'BPS  KAB. REMBANG', '1'),
(203, 1, '33', '18', '018949', 'BPS  KAB. PATI', '0'),
(204, 1, '33', '19', '018953', 'BPS  KAB. KUDUS', '0'),
(205, 1, '33', '20', '019000', 'BPS  KAB. JEPARA', '0'),
(206, 1, '33', '21', '018871', 'BPS  KAB. DEMAK', '0'),
(207, 1, '33', '22', '018850', 'BPS  KAB. SEMARANG', '0'),
(208, 1, '33', '23', '019056', 'BPS  KAB. TEMANGGUNG', '0'),
(209, 1, '33', '24', '019014', 'BPS  KAB. KENDAL', '0'),
(210, 1, '33', '25', '018932', 'BPS  KAB. BATANG', '0'),
(211, 1, '33', '26', '018911', 'BPS  KAB. PEKALONGAN', '0'),
(212, 1, '33', '27', '018995', 'BPS  KAB. PEMALANG', '0'),
(213, 1, '33', '28', '018892', 'BPS  KAB. TEGAL', '0'),
(214, 1, '33', '29', '018885', 'BPS  KAB. BREBES', '0'),
(215, 1, '33', '71', '019042', 'BPS  KOTA MAGELANG', '0'),
(216, 1, '33', '72', '019152', 'BPS  KOTA SURAKARTA', '0'),
(217, 1, '33', '73', '019021', 'BPS  KOTA SALATIGA', '0'),
(218, 1, '33', '74', '018864', 'BPS  KOTA SEMARANG', '0'),
(219, 1, '33', '75', '018928', 'BPS  KOTA PEKALONGAN', '0'),
(220, 1, '33', '76', '018907', 'BPS  KOTA TEGAL', '0'),
(221, 1, '33', '00', '018843', 'BPS  PROVINSI JAWA TENGAH', '0'),
(222, 1, '33', '01', '019187', 'BPS  KAB. CILACAP', '0'),
(223, 1, '33', '02', '019166', 'BPS  KAB. BANYUMAS', '0'),
(224, 1, '33', '03', '019170', 'BPS  KAB. PURBALINGGA', '0'),
(225, 1, '33', '04', '019191', 'BPS  KAB. BANJARNEGARA', '0'),
(226, 1, '33', '05', '019077', 'BPS  KAB. KEBUMEN', '0'),
(227, 1, '33', '06', '019081', 'BPS  KAB. PURWOREJO', '0'),
(228, 1, '33', '07', '019060', 'BPS  KAB. WONOSOBO', '0'),
(229, 1, '33', '08', '019035', 'BPS  KAB. MAGELANG', '0'),
(230, 1, '33', '09', '019110', 'BPS  KAB. BOYOLALI', '0'),
(231, 1, '34', '71', '019255', 'BPS  KOTA YOGYAKARTA', '0'),
(232, 1, '34', '00', '019209', 'BPS  PROVINSI D.I. YOGYAKARTA', '0'),
(233, 1, '34', '01', '019220', 'BPS  KAB. KULON PROGO', '0'),
(234, 1, '34', '02', '019241', 'BPS  KAB. BANTUL', '0'),
(235, 1, '34', '03', '019234', 'BPS  KAB. GUNUNG KIDUL', '0'),
(236, 1, '34', '04', '019213', 'BPS  KAB. SLEMAN', '0'),
(237, 1, '35', '10', '019386', 'BPS  KAB. BANYUWANGI', '0'),
(238, 1, '35', '11', '019365', 'BPS  KAB. BONDOWOSO', '0'),
(239, 1, '35', '12', '019390', 'BPS  KAB. SITUBONDO', '0'),
(240, 1, '35', '13', '019518', 'BPS  KAB. PROBOLINGGO', '0'),
(241, 1, '35', '14', '019482', 'BPS  KAB. PASURUAN', '0'),
(242, 1, '35', '15', '019319', 'BPS  KAB. SIDOARJO', '0'),
(243, 1, '35', '16', '019297', 'BPS  KAB. MOJOKERTO', '0'),
(244, 1, '35', '17', '019323', 'BPS  KAB. JOMBANG', '0'),
(245, 1, '35', '18', '019461', 'BPS  KAB. NGANJUK', '0'),
(246, 1, '35', '19', '019543', 'BPS  KAB. MADIUN', '0'),
(247, 1, '35', '20', '019571', 'BPS  KAB. MAGETAN', '0'),
(248, 1, '35', '21', '019585', 'BPS  KAB. NGAWI', '0'),
(249, 1, '35', '22', '019330', 'BPS  KAB. BOJONEGORO', '0'),
(250, 1, '35', '23', '019344', 'BPS  KAB. TUBAN', '0'),
(251, 1, '35', '24', '019351', 'BPS  KAB. LAMONGAN', '0'),
(252, 1, '35', '25', '019276', 'BPS  KAB. GRESIK', '0'),
(253, 1, '35', '26', '019607', 'BPS  KAB. BANGKALAN', '0'),
(254, 1, '35', '27', '019628', 'BPS  KAB. SAMPANG', '0'),
(255, 1, '35', '28', '019632', 'BPS  KAB. PAMEKASAN', '0'),
(256, 1, '35', '29', '019611', 'BPS  KAB. SUMENEP', '0'),
(257, 1, '35', '71', '019412', 'BPS  KOTA KEDIRI', '0'),
(258, 1, '35', '72', '019454', 'BPS  KOTA BLITAR', '0'),
(259, 1, '35', '73', '019501', 'BPS  KOTA MALANG', '0'),
(260, 1, '35', '74', '019522', 'BPS  KOTA PROBOLINGGO', '0'),
(261, 1, '35', '75', '019475', 'BPS  KOTA PASURUAN', '0'),
(262, 1, '35', '76', '019302', 'BPS  KOTA MOJOKERTO', '0'),
(263, 1, '35', '77', '019550', 'BPS  KOTA MADIUN', '0'),
(264, 1, '35', '78', '019280', 'BPS  KOTA SURABAYA', '0'),
(265, 1, '35', '79', '652240', 'BPS  KOTA BATU', '0'),
(266, 1, '35', '00', '019262', 'BPS  PROVINSI JAWA TIMUR', '0'),
(267, 1, '35', '01', '019592', 'BPS  KAB. PACITAN', '0'),
(268, 1, '35', '02', '019564', 'BPS  KAB. PONOROGO', '0'),
(269, 1, '35', '03', '019433', 'BPS  KAB. TRENGGALEK', '0'),
(270, 1, '35', '04', '019429', 'BPS  KAB. TULUNGAGUNG', '0'),
(271, 1, '35', '05', '019440', 'BPS  KAB. BLITAR', '0'),
(272, 1, '35', '06', '019408', 'BPS  KAB. KEDIRI', '0'),
(273, 1, '35', '07', '019496', 'BPS  KAB. MALANG', '0'),
(274, 1, '35', '08', '019539', 'BPS  KAB. LUMAJANG', '0'),
(275, 1, '35', '09', '019372', 'BPS  KAB. JEMBER', '0'),
(276, 1, '36', '71', '560642', 'BPS  KOTA TANGERANG', '0'),
(277, 1, '36', '72', '637131', 'BPS  KOTA CILEGON', '0'),
(278, 1, '36', '73', '673559', 'BPS  KOTA SERANG', '0'),
(279, 1, '36', '74', '682427', 'BPS  KOTA TANGERANG SELATAN', '0'),
(280, 1, '36', '00', '636892', 'BPS  PROVINSI BANTEN', '0'),
(281, 1, '36', '01', '018644', 'BPS  KAB. PANDEGLANG', '0'),
(282, 1, '36', '02', '018651', 'BPS  KAB. LEBAK', '0'),
(283, 1, '36', '03', '018665', 'BPS  KAB. TANGERANG', '0'),
(284, 1, '36', '04', '018630', 'BPS  KAB. SERANG', '0'),
(285, 1, '51', '71', '560656', 'BPS  KOTA DENPASAR', '0'),
(286, 1, '51', '00', '429171', 'BPS  PROVINSI BALI', '0'),
(287, 1, '51', '01', '429193', 'BPS  KAB. JEMBRANA', '0'),
(288, 1, '51', '02', '429213', 'BPS  KAB. TABANAN', '0'),
(289, 1, '51', '03', '429207', 'BPS  KAB. BADUNG', '0'),
(290, 1, '51', '04', '429222', 'BPS  KAB. GIANYAR', '0'),
(291, 1, '51', '05', '429238', 'BPS  KAB. KLUNGKUNG', '0'),
(292, 1, '51', '06', '429244', 'BPS  KAB. BANGLI', '0'),
(293, 1, '51', '07', '429250', 'BPS  KAB. KARANGASEM', '0'),
(294, 1, '51', '08', '429187', 'BPS  KAB. BULELENG', '0'),
(295, 1, '52', '71', '560660', 'BPS  KOTA MATARAM', '0'),
(296, 1, '52', '72', '667282', 'BPS  KOTA BIMA', '0'),
(297, 1, '52', '00', '429269', 'BPS  PROVINSI NUSA TENGGARA BARAT', '0'),
(298, 1, '52', '01', '429275', 'BPS  KAB. LOMBOK BARAT', '0'),
(299, 1, '52', '02', '429281', 'BPS  KAB. LOMBOK TENGAH', '0'),
(300, 1, '52', '03', '429290', 'BPS  KAB. LOMBOK TIMUR', '0'),
(301, 1, '52', '04', '429326', 'BPS  KAB. SUMBAWA', '0'),
(302, 1, '52', '05', '429310', 'BPS  KAB. DOMPU', '0'),
(303, 1, '52', '06', '429301', 'BPS  KAB. BIMA', '0'),
(304, 1, '52', '07', '668601', 'BPS  KAB. SUMBAWA BARAT', '0'),
(305, 1, '52', '08', '682363', 'BPS  KAB. LOMBOK UTARA', '0'),
(306, 1, '53', '10', '429420', 'BPS  KAB. SIKKA', '0'),
(307, 1, '53', '11', '429445', 'BPS  KAB. ENDE', '0'),
(308, 1, '53', '12', '429439', 'BPS  KAB. NGADA', '0'),
(309, 1, '53', '13', '429414', 'BPS  KAB. MANGGARAI', '0'),
(310, 1, '53', '14', '667299', 'BPS  KAB. ROTE NDAO', '0'),
(311, 1, '53', '15', '667304', 'BPS  KAB. MANGGARAI BARAT', '0'),
(312, 1, '53', '17', '682342', 'BPS  KAB. SUMBA BARAT DAYA', '0'),
(313, 1, '53', '18', '689121', 'BPS  KAB. NAGEKEO', '0'),
(314, 1, '53', '19', '673563', 'BPS  KAB. MANGGARAI TIMUR', '0'),
(315, 1, '53', '71', '613303', 'BPS  KOTA KUPANG', '0'),
(316, 1, '53', '00', '429332', 'BPS  PROVINSI NUSA TENGGARA TIMUR', '0'),
(317, 1, '53', '01', '429394', 'BPS  KAB. SUMBA BARAT', '0'),
(318, 1, '53', '02', '429408', 'BPS  KAB. SUMBA TIMUR', '0'),
(319, 1, '53', '03', '429341', 'BPS  KAB. KUPANG', '0'),
(320, 1, '53', '04', '429372', 'BPS  KAB. TIMOR TENGAH SELATAN', '0'),
(321, 1, '53', '05', '429388', 'BPS  KAB. TIMOR TENGAH UTARA', '0'),
(322, 1, '53', '06', '429357', 'BPS  KAB. BELU', '0'),
(323, 1, '53', '07', '429363', 'BPS  KAB. ALOR', '0'),
(324, 1, '53', '08', '637152', 'BPS  KAB. LEMBATA', '0'),
(325, 1, '53', '09', '429451', 'BPS  KAB. FLORES TIMUR', '0'),
(326, 1, '61', '10', '667311', 'BPS  KAB. MELAWI', '0'),
(327, 1, '61', '11', '689198', 'BPS  KAB. KAYONG UTARA', '0'),
(328, 1, '61', '12', '673570', 'BPS  KAB. KUBU RAYA', '0'),
(329, 1, '61', '71', '428383', 'BPS  KOTA PONTIANAK', '0'),
(330, 1, '61', '72', '652254', 'BPS  KOTA SINGKAWANG', '0'),
(331, 1, '61', '00', '428377', 'BPS  PROVINSI KALIMANTAN BARAT', '0'),
(332, 1, '61', '01', '428392', 'BPS  KAB. SAMBAS', '0'),
(333, 1, '61', '02', '637169', 'BPS  KAB. BENGKAYANG', '0'),
(334, 1, '61', '03', '637173', 'BPS  KAB. LANDAK', '0'),
(335, 1, '61', '04', '428403', 'BPS  KAB. PONTIANAK', '0'),
(336, 1, '61', '05', '428428', 'BPS  KAB. SANGGAU', '0'),
(337, 1, '61', '06', '428412', 'BPS  KAB. KETAPANG', '0'),
(338, 1, '61', '07', '428434', 'BPS  KAB. SINTANG', '0'),
(339, 1, '61', '08', '428440', 'BPS  KAB. KAPUAS HULU', '0'),
(340, 1, '61', '09', '667325', 'BPS  KAB. SEKADAU', '0'),
(341, 1, '62', '10', '667346', 'BPS  KAB. PULANG PISAU', '0'),
(342, 1, '62', '11', '667350', 'BPS  KAB. GUNUNG MAS', '0'),
(343, 1, '62', '12', '668643', 'BPS  KAB. BARITO TIMUR', '0'),
(344, 1, '62', '13', '668650', 'BPS  KAB. MURUNG RAYA', '0'),
(345, 1, '62', '71', '428500', 'BPS  KOTA PALANGKARAYA', '0'),
(346, 1, '62', '00', '428459', 'BPS  PROVINSI KALIMANTAN TENGAH', '0'),
(347, 1, '62', '01', '428465', 'BPS  KAB. KOTAWARINGIN BARAT', '0'),
(348, 1, '62', '02', '428516', 'BPS  KAB. KOTAWARINGIN TIMUR', '0'),
(349, 1, '62', '03', '428496', 'BPS  KAB. KAPUAS', '0'),
(350, 1, '62', '04', '428480', 'BPS  KAB. BARITO SELATAN', '0'),
(351, 1, '62', '05', '428471', 'BPS  KAB. BARITO UTARA', '0'),
(352, 1, '62', '06', '667332', 'BPS  KAB. SUKAMARA', '0'),
(353, 1, '62', '07', '668618', 'BPS  KAB. LAMANDAU', '0'),
(354, 1, '62', '08', '668622', 'BPS  KAB. SERUYAN', '0'),
(355, 1, '62', '09', '668639', 'BPS  KAB. KATINGAN', '0'),
(356, 1, '63', '10', '667367', 'BPS  KAB. TANAH BUMBU', '0'),
(357, 1, '63', '11', '667371', 'BPS  KAB. BALANGAN', '0'),
(358, 1, '63', '71', '428531', 'BPS  KOTA BANJARMASIN', '0'),
(359, 1, '63', '72', '637180', 'BPS  KOTA BANJAR BARU', '0'),
(360, 1, '63', '00', '428522', 'BPS  PROVINSI KALIMANTAN SELATAN', '0'),
(361, 1, '63', '01', '428590', 'BPS  KAB. TANAH LAUT', '0'),
(362, 1, '63', '02', '428629', 'BPS  KAB. KOTABARU', '0'),
(363, 1, '63', '03', '428547', 'BPS  KAB. BANJAR', '0'),
(364, 1, '63', '04', '428562', 'BPS  KAB. BARITO KUALA', '0'),
(365, 1, '63', '05', '428604', 'BPS  KAB. TAPIN', '0'),
(366, 1, '63', '06', '428553', 'BPS  KAB. HULU SUNGAI SELATAN', '0'),
(367, 1, '63', '07', '428578', 'BPS  KAB. HULU SUNGAI TENGAH', '0'),
(368, 1, '63', '08', '428584', 'BPS  KAB. HULU SUNGAI UTARA', '0'),
(369, 1, '63', '09', '428610', 'BPS  KAB. TABALONG', '0'),
(370, 1, '64', '10', '682359', 'BPS  KAB. TANA TIDUNG', '0'),
(371, 1, '64', '71', '428666', 'BPS  KOTA BALIKPAPAN', '0'),
(372, 1, '64', '72', '428641', 'BPS  KOTA SAMARINDA', '0'),
(373, 1, '64', '73', '613661', 'BPS  KOTA TARAKAN', '0'),
(374, 1, '64', '74', '637237', 'BPS  KOTA BONTANG', '0'),
(375, 1, '64', '00', '428635', 'BPS  PROVINSI KALIMANTAN TIMUR', '0'),
(376, 1, '64', '01', '428672', 'BPS  KAB. PASIR', '0'),
(377, 1, '64', '02', '637194', 'BPS  KAB. KUTAI BARAT', '0'),
(378, 1, '64', '03', '428650', 'BPS  KAB. KUTAI', '0'),
(379, 1, '64', '04', '637202', 'BPS  KAB. KUTAI TIMUR', '0'),
(380, 1, '64', '05', '428681', 'BPS  KAB. BERAU', '0'),
(381, 1, '64', '06', '637216', 'BPS  KAB. MALINAU', '0'),
(382, 1, '64', '07', '428697', 'BPS  KAB. BULUNGAN', '0'),
(383, 1, '64', '08', '637220', 'BPS  KAB. NUNUKAN', '0'),
(384, 1, '64', '09', '668664', 'BPS  KAB. PENAJAM PASER UTARA', '0'),
(385, 1, '71', '71', '428717', 'BPS  KOTA MANADO', '0'),
(386, 1, '71', '72', '535422', 'BPS  KOTA BITUNG', '0'),
(387, 1, '71', '73', '668692', 'BPS  KOTA TOMOHON', '0'),
(388, 1, '71', '74', '682317', 'BPS  KOTA KOTAMOBAGU', '0'),
(389, 1, '71', '00', '428701', 'BPS  PROVINSI SULAWESI UTARA', '0'),
(390, 1, '71', '01', '428748', 'BPS  KAB. BOLAANG MONGONDOW', '0'),
(391, 1, '71', '02', '428732', 'BPS  KAB. MINAHASA', '0'),
(392, 1, '71', '03', '428723', 'BPS  KAB.SANGIHE TALAUD', '0'),
(393, 1, '71', '04', '667388', 'BPS  KAB. KEPULAUAN TALAUD', '0'),
(394, 1, '71', '05', '668671', 'BPS  KAB. MINAHASA SELATAN', '0'),
(395, 1, '71', '06', '668685', 'BPS  KAB. MINAHASA UTARA', '0'),
(396, 1, '71', '08', '689135', 'BPS  KAB. SIAU TAGULANDANG BIARO', '0'),
(397, 1, '72', '10', '682370', 'BPS  KAB. SIGI', '0'),
(398, 1, '72', '71', '576647', 'BPS  KOTA PALU', '0'),
(399, 1, '72', '00', '428779', 'BPS  PROVINSI SULAWESI TENGAH', '0'),
(400, 1, '72', '01', '637258', 'BPS  KAB. BANGGAI KEPULAUAN', '0'),
(401, 1, '72', '02', '428811', 'BPS  KAB. BANGGAI', '0'),
(402, 1, '72', '03', '637262', 'BPS  KAB. MOROWALI', '0'),
(403, 1, '72', '04', '428805', 'BPS  KAB. POSO', '0'),
(404, 1, '72', '05', '428785', 'BPS  KAB. DONGGALA', '0'),
(405, 1, '72', '06', '428791', 'BPS  KAB. TOLI TOLI', '0'),
(406, 1, '72', '07', '637279', 'BPS  KAB. BUOL', '0'),
(407, 1, '72', '08', '667392', 'BPS  KAB. PARIGI MOUTONG', '0'),
(408, 1, '72', '09', '667400', 'BPS  KAB. TOJO UNA-UNA', '0'),
(409, 1, '73', '10', '428882', 'BPS  KAB. BARRU', '0'),
(410, 1, '73', '11', '428902', 'BPS  KAB. BONE', '0'),
(411, 1, '73', '12', '428924', 'BPS  KAB. SOPPENG', '0'),
(412, 1, '73', '13', '428918', 'BPS  KAB. WAJO', '0'),
(413, 1, '73', '14', '428992', 'BPS  KAB. SIDENRENG RAPPANG', '0'),
(414, 1, '73', '15', '428970', 'BPS  KAB. PINRANG', '0'),
(415, 1, '73', '16', '428986', 'BPS  KAB. ENREKANG', '0'),
(416, 1, '73', '17', '429012', 'BPS  KAB. LUWU', '0'),
(417, 1, '73', '18', '429021', 'BPS  KAB. TANA TORAJA', '0'),
(418, 1, '73', '22', '637283', 'BPS  KAB. LUWU UTARA', '0'),
(419, 1, '73', '25', '667435', 'BPS  KAB. LUWU TIMUR', '0'),
(420, 1, '73', '26', '682384', 'BPS  KAB. TORAJA UTARA', '0'),
(421, 1, '73', '71', '428898', 'BPS  KOTA MAKASSAR', '0'),
(422, 1, '73', '72', '429006', 'BPS  KOTA PARE PARE', '0'),
(423, 1, '73', '73', '667442', 'BPS  KOTA PALOPO', '0'),
(424, 1, '73', '00', '428820', 'BPS  PROVINSI SULAWESI SELATAN', '0'),
(425, 1, '73', '01', '428961', 'BPS  KAB. SELAYAR', '0'),
(426, 1, '73', '02', '428949', 'BPS  KAB. BULUKUMBA', '0'),
(427, 1, '73', '03', '428930', 'BPS  KAB. BANTAENG', '0'),
(428, 1, '73', '04', '428867', 'BPS  KAB. JENEPONTO', '0'),
(429, 1, '73', '05', '428873', 'BPS  KAB. TAKALAR', '0'),
(430, 1, '73', '06', '428851', 'BPS  KAB. GOWA', '0'),
(431, 1, '73', '07', '428955', 'BPS  KAB. SINJAI', '0'),
(432, 1, '73', '08', '428842', 'BPS  KAB. MAROS', '0'),
(433, 1, '73', '09', '428836', 'BPS  KAB. PANGKAJENE KEPULAUAN', '0'),
(434, 1, '74', '71', '613298', 'BPS  KOTA KENDARI', '0'),
(435, 1, '74', '72', '652261', 'BPS  KOTA BAU-BAU', '0'),
(436, 1, '74', '00', '429068', 'BPS  PROVINSI SULAWESI TENGGARA', '0'),
(437, 1, '74', '01', '429100', 'BPS  KAB. BUTON', '0'),
(438, 1, '74', '02', '429080', 'BPS  KAB. MUNA', '0'),
(439, 1, '74', '03', '429099', 'BPS  KAB. KONAWE', '0'),
(440, 1, '74', '04', '429074', 'BPS  KAB. KOLAKA', '0'),
(441, 1, '74', '05', '668707', 'BPS  KAB. KONAWE SELATAN', '0'),
(442, 1, '74', '06', '667456', 'BPS  KAB. BOMBANA', '0'),
(443, 1, '74', '07', '667460', 'BPS  KAB. WAKATOBI', '0'),
(444, 1, '74', '08', '667477', 'BPS  KAB. KOLAKA UTARA', '0'),
(445, 1, '74', '08', '682338', 'BPS  KAB. KONAWE UTARA', '0'),
(446, 1, '74', '09', '689177', 'BPS  KAB. BUTON UTARA', '0'),
(447, 1, '75', '71', '428760', 'BPS  KOTA GORONTALO', '0'),
(448, 1, '75', '00', '636900', 'BPS  PROVINSI GORONTALO', '0'),
(449, 1, '75', '01', '637241', 'BPS  KAB. BOALEMO', '0'),
(450, 1, '75', '02', '428754', 'BPS  KAB. GORONTALO', '0'),
(451, 1, '75', '03', '667481', 'BPS  KAB. POHUWATO', '0'),
(452, 1, '75', '04', '667498', 'BPS  KAB. BONE BOLANGO', '0'),
(453, 1, '75', '05', '673584', 'BPS  KAB. GORONTALO UTARA', '0'),
(454, 1, '76', '00', '667062', 'BPS  PROVINSI SULAWESI BARAT', '0'),
(455, 1, '76', '01', '429043', 'BPS  KAB. MAJENE', '0'),
(456, 1, '76', '02', '429037', 'BPS  KAB. POLEWALI MANDAR', '0'),
(457, 1, '76', '03', '667414', 'BPS  KAB. MAMASA', '0'),
(458, 1, '76', '04', '429052', 'BPS  KAB. MAMUJU', '0'),
(459, 1, '76', '05', '667421', 'BPS  KAB. MAMUJU UTARA', '0'),
(460, 1, '81', '71', '429125', 'BPS  KOTA AMBON', '0'),
(461, 1, '81', '00', '429119', 'BPS  PROVINSI MALUKU', '0'),
(462, 1, '81', '01', '637290', 'BPS  KAB. MALUKU TENGGARA BARAT', '0'),
(463, 1, '81', '02', '429140', 'BPS  KAB. MALUKU TENGGARA', '0'),
(464, 1, '81', '03', '429131', 'BPS  KAB. MALUKU TENGAH', '0'),
(465, 1, '81', '04', '637305', 'BPS  KAB. BURU', '0'),
(466, 1, '81', '05', '667503', 'BPS  KAB. KEPULAUAN ARU', '0'),
(467, 1, '81', '06', '667510', 'BPS  KAB. SERAM BAGIAN BARAT', '0'),
(468, 1, '81', '07', '668711', 'BPS  KAB. SERAM BAGIAN TIMUR', '0'),
(469, 1, '81', '08', '682391', 'BPS KAB. MALUKU BARAT DAYA', '0'),
(470, 1, '81', '09', '689203', 'BPS KAB. BURU SELATAN', '0'),
(471, 1, '82', '71', '637312', 'BPS  KOTA TERNATE', '0'),
(472, 1, '82', '72', '668749', 'BPS  KOTA TIDORE KEPULAUAN', '0'),
(473, 1, '82', '00', '636914', 'BPS  PROVINSI MALUKU UTARA', '0'),
(474, 1, '82', '01', '429156', 'BPS  KAB. HALMAHERA BARAT', '0'),
(475, 1, '82', '02', '429162', 'BPS  KAB. HALMAHERA TENGAH', '0'),
(476, 1, '82', '03', '667531', 'BPS  KAB. KEPULAUAN SULA', '0'),
(477, 1, '82', '04', '668728', 'BPS  KAB. HALMAHERA SELATAN', '0'),
(478, 1, '82', '05', '667524', 'BPS  KAB. HALMAHERA UTARA', '0'),
(479, 1, '82', '06', '668732', 'BPS  KAB. HALMAHERA TIMUR', '0'),
(480, 1, '82', '07', '280823', 'BPS  KAB. PULAU MOROTAI', '0'),
(481, 1, '91', '71', '637326', 'BPS  KOTA SORONG', '0'),
(482, 1, '91', '00', '667079', 'BPS  PROVINSI PAPUA BARAT', '0'),
(483, 1, '91', '01', '429527', 'BPS  KAB. FAK FAK', '0'),
(484, 1, '91', '02', '668838', 'BPS  KAB. KAIMANA', '0'),
(485, 1, '91', '03', '668842', 'BPS  KAB. TELUK WONDAMA', '0'),
(486, 1, '91', '04', '668859', 'BPS  KAB. TELUK BINTUNI', '0'),
(487, 1, '91', '05', '429502', 'BPS  KAB. MANOKWARI', '0'),
(488, 1, '91', '06', '668863', 'BPS  KAB. SORONG SELATAN', '0'),
(489, 1, '91', '07', '429511', 'BPS  KAB. SORONG', '0'),
(490, 1, '91', '08', '668870', 'BPS  KAB. RAJA AMPAT', '0'),
(491, 1, '94', '10', '429558', 'BPS  KAB. PANIAI', '0'),
(492, 1, '94', '11', '637351', 'BPS  KAB. PUNCAK JAYA', '0'),
(493, 1, '94', '12', '637330', 'BPS  KAB. MIMIKA', '0'),
(494, 1, '94', '13', '668753', 'BPS  KAB. BOVEN DIGOEL', '0'),
(495, 1, '94', '14', '668760', 'BPS  KAB. MAPPI', '0'),
(496, 1, '94', '15', '668774', 'BPS  KAB. ASMAT', '0'),
(497, 1, '94', '16', '668781', 'BPS  KAB. YAKUHIMO', '0'),
(498, 1, '94', '17', '668795', 'BPS  KAB. PEGUNUNGAN BINTANG', '0'),
(499, 1, '94', '18', '668800', 'BPS  KAB. TOLIKARA', '0'),
(500, 1, '94', '19', '667545', 'BPS  KAB. SARMI', '0'),
(501, 1, '94', '20', '667552', 'BPS  KAB. KEEROM', '0'),
(502, 1, '94', '26', '668817', 'BPS  KAB. WAROPEN', '0'),
(503, 1, '94', '27', '668821', 'BPS  KAB. SUPIORI', '0'),
(504, 1, '94', '33', '253305', 'BPS  KAB. PUNCAK', '0'),
(505, 1, '94', '71', '560677', 'BPS  KOTA JAYAPURA', '0'),
(506, 1, '94', '00', '429460', 'BPS  PROVINSI IRIAN JAYA', '0'),
(507, 1, '94', '01', '429533', 'BPS  KAB. MERAUKE', '0'),
(508, 1, '94', '02', '429542', 'BPS  KAB. PEGUNUNGAN JAYAWIJAYA', '0'),
(509, 1, '94', '03', '429476', 'BPS  KAB. JAYAPURA', '0'),
(510, 1, '94', '04', '637347', 'BPS  KAB. NABIRE', '0'),
(511, 1, '94', '08', '429491', 'BPS  KAB. YAPEN WAROPEN', '0'),
(512, 1, '94', '09', '429482', 'BPS  KAB. BIAK NUMFOR', '0');

-- --------------------------------------------------------

--
-- Table structure for table `satuan`
--

CREATE TABLE `satuan` (
  `RecId` int(11) NOT NULL,
  `Satuan` text NOT NULL,
  `IsAktif` enum('0','1','','') NOT NULL DEFAULT '0'
) ENGINE=InnoDB DEFAULT CHARSET=utf8mb4;

--
-- Dumping data for table `satuan`
--

INSERT INTO `satuan` (`RecId`, `Satuan`, `IsAktif`) VALUES
(1, 'Hari', '1'),
(2, 'Bulan', '1'),
(3, 'Dokumen', '1'),
(4, 'Orang-Bulan', '1'),
(5, 'Orang', '1'),
(6, 'File', '1');

-- --------------------------------------------------------

--
-- Table structure for table `status_penugasan`
--

CREATE TABLE `status_penugasan` (
  `RecId` int(11) NOT NULL,
  `Status` text NOT NULL
) ENGINE=InnoDB DEFAULT CHARSET=utf8mb4;

--
-- Dumping data for table `status_penugasan`
--

INSERT INTO `status_penugasan` (`RecId`, `Status`) VALUES
(0, 'Belum Ditugaskan');

-- --------------------------------------------------------

--
-- Table structure for table `status_penyelesaian`
--

CREATE TABLE `status_penyelesaian` (
  `RecId` int(11) NOT NULL,
  `Status` varchar(30) NOT NULL
) ENGINE=InnoDB DEFAULT CHARSET=utf8mb4;

--
-- Dumping data for table `status_penyelesaian`
--

INSERT INTO `status_penyelesaian` (`RecId`, `Status`) VALUES
(1, 'Belum'),
(2, 'Dalam Penyelesaian'),
(3, 'Selesai');

-- --------------------------------------------------------

--
-- Table structure for table `tahun`
--

CREATE TABLE `tahun` (
  `Tahun` varchar(4) NOT NULL
) ENGINE=InnoDB DEFAULT CHARSET=utf8mb4;

--
-- Dumping data for table `tahun`
--

INSERT INTO `tahun` (`Tahun`) VALUES
('2021'),
('2022');

--
-- Indexes for dumped tables
--

--
-- Indexes for table `bulan`
--
ALTER TABLE `bulan`
  ADD PRIMARY KEY (`RecId`);

--
-- Indexes for table `laporan_harian`
--
ALTER TABLE `laporan_harian`
  ADD PRIMARY KEY (`RecId`),
  ADD UNIQUE KEY `Tanggal` (`Tanggal`,`IdPengguna`);

--
-- Indexes for table `log_pekerjaan_bulanan`
--
ALTER TABLE `log_pekerjaan_bulanan`
  ADD PRIMARY KEY (`RecId`);

--
-- Indexes for table `log_pekerjaan_bulanan_pengguna`
--
ALTER TABLE `log_pekerjaan_bulanan_pengguna`
  ADD PRIMARY KEY (`RecId`);

--
-- Indexes for table `opsi_login`
--
ALTER TABLE `opsi_login`
  ADD PRIMARY KEY (`RecId`);

--
-- Indexes for table `organisasi`
--
ALTER TABLE `organisasi`
  ADD PRIMARY KEY (`RecId`);

--
-- Indexes for table `pekerjaan_bulanan`
--
ALTER TABLE `pekerjaan_bulanan`
  ADD PRIMARY KEY (`RecId`),
  ADD KEY `RecId` (`RecId`);

--
-- Indexes for table `pekerjaan_bulanan_pengguna`
--
ALTER TABLE `pekerjaan_bulanan_pengguna`
  ADD PRIMARY KEY (`RecId`),
  ADD UNIQUE KEY `PekerjaanId` (`PekerjaanId`,`PenerimaPekerjaanId`);

--
-- Indexes for table `pengguna`
--
ALTER TABLE `pengguna`
  ADD PRIMARY KEY (`RecId`);

--
-- Indexes for table `role`
--
ALTER TABLE `role`
  ADD PRIMARY KEY (`RecId`);

--
-- Indexes for table `role_pengguna`
--
ALTER TABLE `role_pengguna`
  ADD PRIMARY KEY (`RecId`),
  ADD UNIQUE KEY `RoleId` (`RoleId`,`PenggunaId`);

--
-- Indexes for table `satker`
--
ALTER TABLE `satker`
  ADD PRIMARY KEY (`RecId`);

--
-- Indexes for table `satuan`
--
ALTER TABLE `satuan`
  ADD PRIMARY KEY (`RecId`);

--
-- Indexes for table `status_penugasan`
--
ALTER TABLE `status_penugasan`
  ADD PRIMARY KEY (`RecId`);

--
-- Indexes for table `status_penyelesaian`
--
ALTER TABLE `status_penyelesaian`
  ADD PRIMARY KEY (`RecId`);

--
-- Indexes for table `tahun`
--
ALTER TABLE `tahun`
  ADD PRIMARY KEY (`Tahun`);

--
-- AUTO_INCREMENT for dumped tables
--

--
-- AUTO_INCREMENT for table `laporan_harian`
--
ALTER TABLE `laporan_harian`
  MODIFY `RecId` int(11) NOT NULL AUTO_INCREMENT, AUTO_INCREMENT=34;

--
-- AUTO_INCREMENT for table `pekerjaan_bulanan`
--
ALTER TABLE `pekerjaan_bulanan`
  MODIFY `RecId` int(11) NOT NULL AUTO_INCREMENT, AUTO_INCREMENT=8;

--
-- AUTO_INCREMENT for table `pekerjaan_bulanan_pengguna`
--
ALTER TABLE `pekerjaan_bulanan_pengguna`
  MODIFY `RecId` int(11) NOT NULL AUTO_INCREMENT, AUTO_INCREMENT=87;

--
-- AUTO_INCREMENT for table `pengguna`
--
ALTER TABLE `pengguna`
  MODIFY `RecId` int(11) NOT NULL AUTO_INCREMENT, AUTO_INCREMENT=21;

--
-- AUTO_INCREMENT for table `role_pengguna`
--
ALTER TABLE `role_pengguna`
  MODIFY `RecId` int(11) NOT NULL AUTO_INCREMENT, AUTO_INCREMENT=20;
COMMIT;

/*!40101 SET CHARACTER_SET_CLIENT=@OLD_CHARACTER_SET_CLIENT */;
/*!40101 SET CHARACTER_SET_RESULTS=@OLD_CHARACTER_SET_RESULTS */;
/*!40101 SET COLLATION_CONNECTION=@OLD_COLLATION_CONNECTION */;
